Test Case	Variable	ToolID	Tool Name	Version	Unit	Editor	Fehlercode	Average [-]	CVRMSE [%]	Daily Amplitude CVRMSE [%]	MBE	MSE [%]	Max Difference [-]	Maximum [-]	Minimum [-]	NMBE [%]	NRMSE [%]	R squared [-]	RMSE [%]	RMSEIQR [%]	RMSLE [%]	std dev [-]	Reference	SimQ-Score [%]	SimQ-Rating
01-Sonnenstand	Potsdam Altitude	ETU1	ETU Simulation	4.1	Deg	Dr. Rainer Rolffs, ETU Hottgenroth	0	22.49	2.86	0.47	0.49	0.39	1.01	56.98	-0.03	2.24	1.1	99.81	0.63	3.13	0.07668	14.49	False	97.73	Gold
01-Sonnenstand	Potsdam Azimuth	ETU1	ETU Simulation	4.1	Deg	Dr. Rainer Rolffs, ETU Hottgenroth	0	180.08	0.19	0.56	0.01	0.11	0.74	302.79	57.2	0.01	0.14	100.0	0.33	0.36	0.00229	57.59	False	99.76	Gold
01-Sonnenstand	Shanghai Altitude	ETU1	ETU Simulation	4.1	Deg	Dr. Rainer Rolffs, ETU Hottgenroth	0	32.95	1.84	0.82	0.47	0.36	1.16	78.19	-0.21	1.44	0.76	99.9	0.6	2.09	0.04783	18.99	False	98.48	Gold
01-Sonnenstand	Shanghai Azimuth	ETU1	ETU Simulation	4.1	Deg	Dr. Rainer Rolffs, ETU Hottgenroth	0	180.12	0.35	0.78	0.12	0.4	1.08	292.84	67.27	0.07	0.28	99.99	0.63	0.55	0.00396	62.26	False	99.6	Gold
01-Sonnenstand	Kaxgar Altitude	ETU1	ETU Simulation	4.1	Deg	Dr. Rainer Rolffs, ETU Hottgenroth	0	29.01	2.06	0.47	0.43	0.35	1.03	69.89	-0.16	1.5	0.84	99.88	0.59	2.35	0.06285	17.16	False	98.33	Gold
01-Sonnenstand	Kaxgar Azimuth	ETU1	ETU Simulation	4.1	Deg	Dr. Rainer Rolffs, ETU Hottgenroth	0	180.09	0.32	0.71	0.31	0.32	1.09	295.33	64.71	0.17	0.25	99.99	0.57	0.55	0.00315	59.44	False	99.59	Gold
01-Sonnenstand	Singapur Altitude	ETU1	ETU Simulation	4.1	Deg	Dr. Rainer Rolffs, ETU Hottgenroth	0	42.0	0.89	0.9	0.1	0.14	1.11	89.22	-0.28	0.24	0.42	99.97	0.37	0.91	0.03701	23.67	False	99.3	Gold
01-Sonnenstand	Singapur Azimuth	ETU1	ETU Simulation	4.1	Deg	Dr. Rainer Rolffs, ETU Hottgenroth	0	180.14	2.6	1.17	0.31	21.85	119.09	359.53	0.29	0.17	1.32	99.69	4.67	3.02	0.06147	85.29	False	98.08	Gold
01-Sonnenstand	Lima Altitude	ETU1	ETU Simulation	4.1	Deg	Dr. Rainer Rolffs, ETU Hottgenroth	0	41.83	0.65	0.64	-0.16	0.07	1.1	89.51	-0.46	-0.38	0.3	99.99	0.27	0.69	0.02283	24.01	False	99.41	Gold
01-Sonnenstand	Lima Azimuth	ETU1	ETU Simulation	4.1	Deg	Dr. Rainer Rolffs, ETU Hottgenroth	0	180.07	4.94	25.79	-0.09	79.21	358.9	359.9	0.18	-0.05	2.48	99.21	8.9	4.93	0.14809	101.48	False	96.66	Gold
01-Sonnenstand	Denver Altitude	ETU1	ETU Simulation	4.1	Deg	Dr. Rainer Rolffs, ETU Hottgenroth	0	28.88	2.03	0.57	0.39	0.33	1.15	69.6	-0.09	1.36	0.83	99.89	0.58	2.32	0.07009	17.1	False	98.4	Gold
01-Sonnenstand	Denver Azimuth	ETU1	ETU Simulation	4.1	Deg	Dr. Rainer Rolffs, ETU Hottgenroth	0	180.07	0.33	0.7	-0.37	0.35	1.21	295.43	64.49	-0.2	0.26	99.99	0.59	0.57	0.00445	59.37	False	99.58	Gold
01-Sonnenstand	Barrow Altitude	ETU1	ETU Simulation	4.1	Deg	Dr. Rainer Rolffs, ETU Hottgenroth	0	13.81	5.08	0.35	0.55	0.45	1.23	38.06	-16.95	4.15	1.2	99.63	0.67	4.97	0.11925	10.83	False	95.71	Gold
01-Sonnenstand	Barrow Azimuth	ETU1	ETU Simulation	4.1	Deg	Dr. Rainer Rolffs, ETU Hottgenroth	0	180.08	2.53	0.26	-0.16	20.72	187.38	359.9	0.14	-0.09	1.27	99.67	4.55	4.48	0.01922	79.78	False	97.92	Gold
01-Sonnenstand	Melbourne Altitude	ETU1	ETU Simulation	4.1	Deg	Dr. Rainer Rolffs, ETU Hottgenroth	0	33.45	1.99	0.83	-0.53	0.46	1.27	75.64	-0.86	-1.57	0.89	99.89	0.68	2.02	0.08324	19.82	False	98.04	Gold
01-Sonnenstand	Melbourne Azimuth	ETU1	ETU Simulation	4.1	Deg	Dr. Rainer Rolffs, ETU Hottgenroth	0	180.23	6.44	0.56	0.34	134.27	344.61	360.0	0.13	0.19	3.23	99.08	11.59	5.04	0.11259	122.16	False	96.52	Gold
01-Sonnenstand	Potsdam Altitude	ETU2	HottCAD	5.1.x.19	Deg	Dr. Rainer Rolffs, ETU Hottgenroth	0	21.8	2.24	0.7	-0.19	0.24	0.94	56.52	-0.67	-0.88	0.86	99.89	0.49	2.46	0.07372	14.47	False	98.08	Gold
01-Sonnenstand	Potsdam Azimuth	ETU2	HottCAD	5.1.x.19	Deg	Dr. Rainer Rolffs, ETU Hottgenroth	0	180.54	0.31	0.35	0.47	0.3	1.0	302.92	57.82	0.26	0.22	99.99	0.55	0.6	0.00395	57.25	False	99.57	Gold
01-Sonnenstand	Shanghai Altitude	ETU2	HottCAD	5.1.x.19	Deg	Dr. Rainer Rolffs, ETU Hottgenroth	0	32.41	1.6	0.98	-0.07	0.27	1.02	77.74	-0.72	-0.22	0.67	99.92	0.52	1.82	0.07635	18.9	False	98.59	Gold
01-Sonnenstand	Shanghai Azimuth	ETU2	HottCAD	5.1.x.19	Deg	Dr. Rainer Rolffs, ETU Hottgenroth	0	180.58	0.44	0.47	0.58	0.62	2.84	292.71	67.9	0.32	0.35	99.98	0.79	0.7	0.00534	61.64	False	99.45	Gold
01-Sonnenstand	Kaxgar Altitude	ETU2	HottCAD	5.1.x.19	Deg	Dr. Rainer Rolffs, ETU Hottgenroth	0	28.4	2.1	0.67	-0.18	0.36	1.13	69.44	-0.73	-0.62	0.86	99.88	0.6	2.4	0.09158	17.1	False	98.25	Gold
01-Sonnenstand	Kaxgar Azimuth	ETU2	HottCAD	5.1.x.19	Deg	Dr. Rainer Rolffs, ETU Hottgenroth	0	180.55	0.5	0.43	0.77	0.82	2.34	295.3	65.35	0.43	0.39	99.98	0.91	0.87	0.00623	58.94	False	99.35	Gold
01-Sonnenstand	Singapur Altitude	ETU2	HottCAD	5.1.x.19	Deg	Dr. Rainer Rolffs, ETU Hottgenroth	0	41.88	1.72	0.91	-0.01	0.52	1.05	87.63	-0.82	-0.03	0.82	99.91	0.72	1.77	0.09701	23.58	False	98.75	Gold
01-Sonnenstand	Singapur Azimuth	ETU2	HottCAD	5.1.x.19	Deg	Dr. Rainer Rolffs, ETU Hottgenroth	0	180.59	5.08	0.98	0.77	83.47	357.6	359.58	0.37	0.43	2.57	98.82	9.14	5.89	0.0947	84.0	False	96.29	Gold
01-Sonnenstand	Lima Altitude	ETU2	HottCAD	5.1.x.19	Deg	Dr. Rainer Rolffs, ETU Hottgenroth	0	42.03	1.04	0.61	0.03	0.19	0.88	88.89	-0.84	0.08	0.49	99.97	0.43	1.1	0.06339	24.05	False	99.22	Gold
01-Sonnenstand	Lima Azimuth	ETU2	HottCAD	5.1.x.19	Deg	Dr. Rainer Rolffs, ETU Hottgenroth	0	180.57	6.59	0.68	0.41	140.97	359.24	359.94	0.4	0.23	3.31	98.59	11.87	6.58	0.15517	99.84	False	95.05	Gold
01-Sonnenstand	Denver Altitude	ETU2	HottCAD	5.1.x.19	Deg	Dr. Rainer Rolffs, ETU Hottgenroth	0	28.27	1.57	0.73	-0.22	0.2	0.79	69.15	-0.74	-0.78	0.64	99.93	0.45	1.79	0.04949	17.03	False	98.74	Gold
01-Sonnenstand	Denver Azimuth	ETU2	HottCAD	5.1.x.19	Deg	Dr. Rainer Rolffs, ETU Hottgenroth	0	180.52	0.23	0.44	0.09	0.17	0.91	295.4	65.13	0.05	0.18	100.0	0.41	0.4	0.00295	58.88	False	99.71	Gold
01-Sonnenstand	Barrow Altitude	ETU2	HottCAD	5.1.x.19	Deg	Dr. Rainer Rolffs, ETU Hottgenroth	0	13.04	3.57	0.36	-0.21	0.22	0.78	37.61	-18.58	-1.62	0.85	99.82	0.47	3.49	0.11427	10.96	False	96.46	Gold
01-Sonnenstand	Barrow Azimuth	ETU2	HottCAD	5.1.x.19	Deg	Dr. Rainer Rolffs, ETU Hottgenroth	0	180.3	3.18	0.22	0.06	32.86	239.82	359.88	0.12	0.03	1.6	99.48	5.73	5.64	0.13053	79.66	False	97.4	Gold
01-Sonnenstand	Melbourne Altitude	ETU2	HottCAD	5.1.x.19	Deg	Dr. Rainer Rolffs, ETU Hottgenroth	0	34.0	1.95	0.47	0.02	0.44	1.32	75.75	-1.15	0.06	0.87	99.89	0.66	1.98	-99	19.89	False	98.28	Gold
01-Sonnenstand	Melbourne Azimuth	ETU2	HottCAD	5.1.x.19	Deg	Dr. Rainer Rolffs, ETU Hottgenroth	0	180.6	11.12	0.55	0.71	400.14	359.18	359.93	0.02	0.39	5.58	97.27	20.0	8.71	0.25055	121.61	False	94.08	Silver
01-Sonnenstand	Potsdam Altitude	IDAICE	IDA ICE	4.8.0.1	Deg	Caroline Seifert, INNIUS DÖ	0	21.73	1.78	0.35	-0.27	0.15	0.71	56.53	-0.71	-1.22	0.68	99.93	0.39	1.95	0.05798	14.48	True	98.81	Gold
01-Sonnenstand	Potsdam Azimuth	IDAICE	IDA ICE	4.8.0.1	Deg	Caroline Seifert, INNIUS DÖ	0	180.11	0.14	0.27	0.04	0.06	0.55	302.53	57.43	0.02	0.1	100.0	0.25	0.27	0.00189	57.21	True	99.84	Gold
01-Sonnenstand	Shanghai Altitude	IDAICE	IDA ICE	4.8.0.1	Deg	Caroline Seifert, INNIUS DÖ	0	32.23	1.19	0.34	-0.25	0.15	0.84	77.51	-0.68	-0.77	0.49	99.96	0.39	1.35	0.04297	18.84	True	99.25	Gold
01-Sonnenstand	Shanghai Azimuth	IDAICE	IDA ICE	4.8.0.1	Deg	Caroline Seifert, INNIUS DÖ	0	180.17	0.28	0.37	0.17	0.26	1.67	292.45	67.63	0.1	0.23	99.99	0.51	0.45	0.00387	61.48	True	99.7	Gold
01-Sonnenstand	Kaxgar Altitude	IDAICE	IDA ICE	4.8.0.1	Deg	Caroline Seifert, INNIUS DÖ	0	28.32	1.54	0.54	-0.26	0.19	0.89	69.41	-0.65	-0.9	0.63	99.93	0.44	1.76	0.05696	17.09	True	98.92	Gold
01-Sonnenstand	Kaxgar Azimuth	IDAICE	IDA ICE	4.8.0.1	Deg	Caroline Seifert, INNIUS DÖ	0	180.11	0.29	0.37	0.33	0.26	1.29	294.94	65.03	0.18	0.22	99.99	0.51	0.49	0.00393	58.88	True	99.65	Gold
01-Sonnenstand	Singapur Altitude	IDAICE	IDA ICE	4.8.0.1	Deg	Caroline Seifert, INNIUS DÖ	0	41.86	0.89	0.5	-0.03	0.14	0.85	87.6	-0.41	-0.07	0.42	99.98	0.37	0.91	0.03995	23.56	True	99.38	Gold
01-Sonnenstand	Singapur Azimuth	IDAICE	IDA ICE	4.8.0.1	Deg	Caroline Seifert, INNIUS DÖ	0	180.16	2.47	0.78	0.33	19.74	118.96	359.41	0.98	0.18	1.25	99.72	4.44	2.87	0.02733	83.82	True	98.22	Gold
01-Sonnenstand	Lima Altitude	IDAICE	IDA ICE	4.8.0.1	Deg	Caroline Seifert, INNIUS DÖ	0	42.05	0.47	0.5	0.06	0.04	0.57	88.87	-0.28	0.14	0.22	99.99	0.2	0.49	0.0185	24.06	True	99.67	Gold
01-Sonnenstand	Lima Azimuth	IDAICE	IDA ICE	4.8.0.1	Deg	Caroline Seifert, INNIUS DÖ	0	180.09	2.65	0.44	-0.07	22.74	213.44	359.38	0.3	-0.04	1.33	99.77	4.77	2.64	0.02858	99.58	True	98.42	Gold
01-Sonnenstand	Denver Altitude	IDAICE	IDA ICE	4.8.0.1	Deg	Caroline Seifert, INNIUS DÖ	0	28.16	1.56	1.01	-0.33	0.2	0.85	69.08	-0.7	-1.16	0.63	99.93	0.44	1.78	0.04733	17.01	True	98.96	Gold
01-Sonnenstand	Denver Azimuth	IDAICE	IDA ICE	4.8.0.1	Deg	Caroline Seifert, INNIUS DÖ	0	180.28	0.24	0.34	-0.15	0.18	1.04	295.2	64.92	-0.09	0.19	99.99	0.43	0.41	0.00261	58.81	True	99.73	Gold
01-Sonnenstand	Barrow Altitude	IDAICE	IDA ICE	4.8.0.1	Deg	Caroline Seifert, INNIUS DÖ	0	12.97	3.12	0.83	-0.29	0.17	0.66	37.61	-18.38	-2.18	0.74	99.86	0.41	3.05	0.05321	10.98	True	97.84	Gold
01-Sonnenstand	Barrow Azimuth	IDAICE	IDA ICE	4.8.0.1	Deg	Caroline Seifert, INNIUS DÖ	0	180.12	1.7	0.15	-0.12	9.4	119.8	359.72	0.19	-0.06	0.85	99.85	3.07	3.02	0.01266	79.59	True	98.58	Gold
01-Sonnenstand	Melbourne Altitude	IDAICE	IDA ICE	4.8.0.1	Deg	Caroline Seifert, INNIUS DÖ	0	33.98	0.61	0.31	0.0	0.04	0.48	75.73	-0.28	0.01	0.27	99.99	0.21	0.62	0.03106	19.9	True	99.48	Gold
01-Sonnenstand	Melbourne Azimuth	IDAICE	IDA ICE	4.8.0.1	Deg	Caroline Seifert, INNIUS DÖ	0	180.1	4.11	0.39	0.22	54.58	119.67	359.79	0.17	0.12	2.06	99.63	7.39	3.22	0.04202	121.51	True	97.86	Gold
01-Sonnenstand	Potsdam Altitude	NANDRAD	NANDRAD	1.8	Deg	Dirk Weiß, IBK TU Dresden	0	21.91	0.77	0.39	-0.09	0.03	0.43	56.88	-0.14	-0.41	0.3	99.99	0.17	0.84	0.02097	14.54	True	99.13	Gold
01-Sonnenstand	Potsdam Azimuth	NANDRAD	NANDRAD	1.8	Deg	Dirk Weiß, IBK TU Dresden	0	180.07	0.04	0.09	0.01	0.01	0.23	302.72	57.23	0.0	0.03	100.0	0.07	0.08	0.00044	57.34	True	99.93	Gold
01-Sonnenstand	Shanghai Altitude	NANDRAD	NANDRAD	1.8	Deg	Dirk Weiß, IBK TU Dresden	0	32.47	0.41	0.26	-0.01	0.02	0.27	78.09	-0.2	-0.03	0.17	100.0	0.13	0.46	0.01568	18.93	True	99.62	Gold
01-Sonnenstand	Shanghai Azimuth	NANDRAD	NANDRAD	1.8	Deg	Dirk Weiß, IBK TU Dresden	0	180.11	0.1	0.14	0.11	0.03	0.75	292.72	67.31	0.06	0.08	100.0	0.19	0.16	0.00107	61.8	True	99.86	Gold
01-Sonnenstand	Kaxgar Altitude	NANDRAD	NANDRAD	1.8	Deg	Dirk Weiß, IBK TU Dresden	0	28.48	0.9	0.46	-0.1	0.07	0.51	69.79	-0.15	-0.35	0.37	99.98	0.26	1.03	0.03515	17.14	True	99.14	Gold
01-Sonnenstand	Kaxgar Azimuth	NANDRAD	NANDRAD	1.8	Deg	Dirk Weiß, IBK TU Dresden	0	180.08	0.2	0.13	0.3	0.12	0.99	295.22	64.75	0.17	0.15	100.0	0.35	0.34	0.0023	59.07	True	99.75	Gold
01-Sonnenstand	Singapur Altitude	NANDRAD	NANDRAD	1.8	Deg	Dirk Weiß, IBK TU Dresden	0	41.86	0.69	0.25	-0.04	0.08	0.48	88.23	-0.24	-0.09	0.33	99.98	0.29	0.71	0.03494	23.55	True	99.52	Gold
01-Sonnenstand	Singapur Azimuth	NANDRAD	NANDRAD	1.8	Deg	Dirk Weiß, IBK TU Dresden	0	180.11	2.29	0.88	0.28	16.99	118.99	359.44	0.2	0.16	1.16	99.76	4.12	2.66	0.06107	84.22	True	98.31	Gold
01-Sonnenstand	Lima Altitude	NANDRAD	NANDRAD	1.8	Deg	Dirk Weiß, IBK TU Dresden	0	42.0	0.18	0.11	0.0	0.01	0.31	89.38	-0.17	0.0	0.08	100.0	0.08	0.19	0.00791	24.07	True	99.82	Gold
01-Sonnenstand	Lima Azimuth	NANDRAD	NANDRAD	1.8	Deg	Dirk Weiß, IBK TU Dresden	0	180.13	1.77	0.47	-0.03	10.15	138.86	359.85	0.3	-0.02	0.89	99.9	3.19	1.77	0.09316	99.94	True	98.61	Gold
01-Sonnenstand	Denver Altitude	NANDRAD	NANDRAD	1.8	Deg	Dirk Weiß, IBK TU Dresden	0	28.35	1.06	1.1	-0.14	0.09	0.71	69.5	-0.16	-0.5	0.43	99.97	0.3	1.21	0.03874	17.07	True	98.9	Gold
01-Sonnenstand	Denver Azimuth	NANDRAD	NANDRAD	1.8	Deg	Dirk Weiß, IBK TU Dresden	0	180.06	0.24	0.12	-0.37	0.18	1.02	295.33	64.53	-0.21	0.18	99.99	0.42	0.41	0.00233	59.01	True	99.67	Gold
01-Sonnenstand	Barrow Altitude	NANDRAD	NANDRAD	1.8	Deg	Dirk Weiß, IBK TU Dresden	0	13.23	1.37	0.96	-0.03	0.03	0.46	37.96	-17.73	-0.22	0.33	99.97	0.18	1.34	0.07235	11.03	True	98.14	Gold
01-Sonnenstand	Barrow Azimuth	NANDRAD	NANDRAD	1.8	Deg	Dirk Weiß, IBK TU Dresden	0	180.11	2.52	0.18	-0.13	20.69	187.4	359.93	0.16	-0.07	1.27	99.67	4.55	4.47	0.01868	79.71	True	97.9	Gold
01-Sonnenstand	Melbourne Altitude	NANDRAD	NANDRAD	1.8	Deg	Dirk Weiß, IBK TU Dresden	0	33.94	0.58	0.34	-0.04	0.04	0.33	75.72	-0.15	-0.12	0.26	99.99	0.2	0.59	0.02797	19.91	True	99.54	Gold
01-Sonnenstand	Melbourne Azimuth	NANDRAD	NANDRAD	1.8	Deg	Dirk Weiß, IBK TU Dresden	0	180.14	4.63	0.55	0.25	69.31	183.47	359.96	0.01	0.14	2.32	99.53	8.33	3.62	0.08216	121.66	True	97.6	Gold
01-Sonnenstand	Potsdam Altitude	Radiance	Radiance	5.2.0	Deg	Stephan Hirth, IBK TU Dresden	0	22.36	1.93	1.04	0.36	0.18	0.79	57.4	-0.2	1.63	0.74	99.91	0.43	2.12	0.0446	14.59	True	98.7	Gold
01-Sonnenstand	Potsdam Azimuth	Radiance	Radiance	5.2.0	Deg	Stephan Hirth, IBK TU Dresden	0	180.01	0.14	0.22	-0.05	0.07	0.58	302.7	57.1	-0.03	0.1	100.0	0.26	0.28	0.00195	57.54	True	99.86	Gold
01-Sonnenstand	Shanghai Altitude	Radiance	Radiance	5.2.0	Deg	Stephan Hirth, IBK TU Dresden	0	32.74	1.23	1.01	0.26	0.16	0.85	78.4	-0.3	0.8	0.51	99.96	0.4	1.39	0.03832	18.99	True	99.15	Gold
01-Sonnenstand	Shanghai Azimuth	Radiance	Radiance	5.2.0	Deg	Stephan Hirth, IBK TU Dresden	0	179.71	0.3	0.29	-0.29	0.29	2.0	292.6	67.0	-0.16	0.24	99.99	0.54	0.47	0.00411	62.07	True	99.69	Gold
01-Sonnenstand	Kaxgar Altitude	Radiance	Radiance	5.2.0	Deg	Stephan Hirth, IBK TU Dresden	0	28.94	2.06	1.96	0.36	0.35	1.15	70.4	-0.7	1.25	0.84	99.88	0.59	2.36	0.06828	17.25	True	98.43	Gold
01-Sonnenstand	Kaxgar Azimuth	Radiance	Radiance	5.2.0	Deg	Stephan Hirth, IBK TU Dresden	0	179.14	0.44	0.3	-0.64	0.63	2.22	294.7	64.1	-0.35	0.35	99.98	0.79	0.76	0.00588	59.39	True	99.47	Gold
01-Sonnenstand	Singapur Altitude	Radiance	Radiance	5.2.0	Deg	Stephan Hirth, IBK TU Dresden	0	41.96	1.51	1.36	0.07	0.4	1.14	89.0	-1.0	0.16	0.71	99.93	0.63	1.55	0.09461	23.63	True	98.94	Gold
01-Sonnenstand	Singapur Azimuth	Radiance	Radiance	5.2.0	Deg	Stephan Hirth, IBK TU Dresden	0	179.22	4.6	0.91	-0.61	68.53	237.95	359.5	0.3	-0.34	2.33	99.03	8.28	5.34	0.16237	85.01	True	96.73	Gold
01-Sonnenstand	Lima Altitude	Radiance	Radiance	5.2.0	Deg	Stephan Hirth, IBK TU Dresden	0	41.94	0.46	0.51	-0.06	0.04	0.51	89.8	-0.6	-0.14	0.22	99.99	0.19	0.49	0.02315	24.06	True	99.68	Gold
01-Sonnenstand	Lima Azimuth	Radiance	Radiance	5.2.0	Deg	Stephan Hirth, IBK TU Dresden	0	180.26	2.5	0.78	0.1	20.27	218.03	359.9	0.2	0.06	1.25	99.8	4.5	2.5	0.06906	100.46	True	98.0	Gold
01-Sonnenstand	Denver Altitude	Radiance	Radiance	5.2.0	Deg	Stephan Hirth, IBK TU Dresden	0	28.96	2.21	2.08	0.47	0.4	1.07	70.4	-0.8	1.65	0.9	99.86	0.63	2.52	0.06644	17.24	True	98.18	Gold
01-Sonnenstand	Denver Azimuth	Radiance	Radiance	5.2.0	Deg	Stephan Hirth, IBK TU Dresden	0	180.96	0.4	0.29	0.53	0.53	1.95	296.0	65.0	0.29	0.32	99.98	0.73	0.7	0.00363	59.42	True	99.49	Gold
01-Sonnenstand	Barrow Altitude	Radiance	Radiance	5.2.0	Deg	Stephan Hirth, IBK TU Dresden	0	13.58	3.09	1.8	0.32	0.17	0.71	38.4	-17.9	2.4	0.73	99.86	0.41	3.02	0.04141	11.06	True	98.04	Gold
01-Sonnenstand	Barrow Azimuth	Radiance	Radiance	5.2.0	Deg	Stephan Hirth, IBK TU Dresden	0	180.49	3.8	0.2	0.25	46.85	239.58	359.9	0.1	0.14	1.91	99.26	6.84	6.73	0.1588	79.78	True	96.83	Gold
01-Sonnenstand	Melbourne Altitude	Radiance	Radiance	5.2.0	Deg	Stephan Hirth, IBK TU Dresden	0	34.02	1.13	1.42	0.04	0.15	0.78	76.3	-1.0	0.12	0.5	99.96	0.38	1.15	0.06282	20.06	True	99.0	Gold
01-Sonnenstand	Melbourne Azimuth	Radiance	Radiance	5.2.0	Deg	Stephan Hirth, IBK TU Dresden	0	179.42	8.46	0.54	-0.47	231.65	239.34	359.9	0.1	-0.26	4.24	98.42	15.22	6.63	0.32636	121.48	True	95.69	Gold
01-Sonnenstand	Potsdam Altitude	TAS	TAS	9.5.0	Deg	Rainer Strobel, PGMM	0	22.35	2.55	1.69	0.35	0.31	2.09	56.93	0.0	1.59	0.98	99.85	0.56	2.8	0.1308	14.55	False	98.23	Gold
01-Sonnenstand	Potsdam Azimuth	TAS	TAS	9.5.0	Deg	Rainer Strobel, PGMM	0	173.25	21.63	60.47	-6.82	1516.34	302.65	299.54	0.0	-3.79	15.87	53.92	38.94	42.4	0.98306	64.76	False	71.98	Failed
01-Sonnenstand	Shanghai Altitude	TAS	TAS	9.5.0	Deg	Rainer Strobel, PGMM	0	32.86	1.78	1.37	0.39	0.33	2.18	78.21	0.0	1.19	0.74	99.91	0.58	2.02	0.1074	19.03	False	98.78	Gold
01-Sonnenstand	Shanghai Azimuth	TAS	TAS	9.5.0	Deg	Rainer Strobel, PGMM	0	175.38	18.03	57.16	-4.62	1052.98	292.59	291.37	0.0	-2.57	14.4	72.41	32.45	28.59	0.81804	66.98	False	78.59	Failed
01-Sonnenstand	Kaxgar Altitude	TAS	TAS	9.5.0	Deg	Rainer Strobel, PGMM	0	28.91	1.95	1.16	0.33	0.31	2.28	69.88	0.0	1.14	0.79	99.89	0.56	2.22	0.11506	17.21	False	98.66	Gold
01-Sonnenstand	Kaxgar Azimuth	TAS	TAS	9.5.0	Deg	Rainer Strobel, PGMM	0	174.95	18.71	57.95	-4.83	1131.52	294.95	293.51	0.0	-2.68	14.6	67.62	33.64	32.32	0.85411	64.84	False	76.8	Failed
01-Sonnenstand	Singapur Altitude	TAS	TAS	9.5.0	Deg	Rainer Strobel, PGMM	0	41.95	0.94	0.8	0.06	0.16	2.46	89.22	0.0	0.14	0.45	99.97	0.4	0.97	0.11072	23.69	False	99.37	Gold
01-Sonnenstand	Singapur Azimuth	TAS	TAS	9.5.0	Deg	Rainer Strobel, PGMM	0	175.74	17.6	45.99	-4.09	1001.25	289.16	359.68	0.0	-2.27	8.9	85.86	31.64	20.41	0.79245	88.5	False	84.12	Bronze
01-Sonnenstand	Lima Altitude	TAS	TAS	9.5.0	Deg	Rainer Strobel, PGMM	0	41.85	0.73	0.71	-0.14	0.09	2.4	89.67	0.0	-0.34	0.34	99.98	0.31	0.78	0.12047	24.07	False	99.37	Gold
01-Sonnenstand	Lima Azimuth	TAS	TAS	9.5.0	Deg	Rainer Strobel, PGMM	0	175.23	18.83	33.71	-4.93	1151.1	358.9	359.99	0.0	-2.74	9.45	88.47	33.93	18.81	0.84516	104.31	False	87.11	Bronze
01-Sonnenstand	Denver Altitude	TAS	TAS	9.5.0	Deg	Rainer Strobel, PGMM	0	28.72	1.73	0.82	0.23	0.24	2.1	69.48	0.0	0.82	0.7	99.92	0.49	1.98	0.1189	17.13	False	98.69	Gold
01-Sonnenstand	Denver Azimuth	TAS	TAS	9.5.0	Deg	Rainer Strobel, PGMM	0	174.79	19.02	57.95	-5.64	1178.16	295.51	293.36	0.0	-3.13	14.88	66.25	34.32	33.06	0.86461	64.8	False	76.64	Failed
01-Sonnenstand	Barrow Altitude	TAS	TAS	9.5.0	Deg	Rainer Strobel, PGMM	0	13.52	4.91	37.74	0.26	0.42	18.0	37.9	0.0	1.96	1.16	99.65	0.65	4.81	0.16941	10.96	False	93.85	Silver
01-Sonnenstand	Barrow Azimuth	TAS	TAS	9.5.0	Deg	Rainer Strobel, PGMM	0	162.24	39.7	40.61	-18.0	5120.59	359.45	338.2	0.0	-9.99	19.93	19.05	71.56	70.39	1.48239	85.26	False	53.89	Failed
01-Sonnenstand	Melbourne Altitude	TAS	TAS	9.5.0	Deg	Rainer Strobel, PGMM	0	33.47	2.0	1.76	-0.51	0.46	2.7	75.65	0.0	-1.5	0.89	99.88	0.68	2.04	0.14846	19.88	False	98.23	Gold
01-Sonnenstand	Melbourne Azimuth	TAS	TAS	9.5.0	Deg	Rainer Strobel, PGMM	0	173.64	22.08	0.6	-6.24	1578.2	344.17	359.9	0.0	-3.47	11.08	89.23	39.73	17.29	0.96872	125.44	False	87.8	Bronze
01-Sonnenstand	Potsdam Altitude	TRNSYS	TRNSYS	18	Deg	Julian Agudelo, Hochschule München	0	22.51	2.95	1.16	0.51	0.42	1.1	57.02	0.5	2.32	1.14	99.8	0.65	3.24	0.08157	14.5	False	97.71	Gold
01-Sonnenstand	Potsdam Azimuth	TRNSYS	TRNSYS	18	Deg	Julian Agudelo, Hochschule München	0	179.93	0.21	0.58	-0.14	0.14	0.84	302.65	57.08	-0.08	0.15	100.0	0.37	0.4	0.00282	57.61	False	99.73	Gold
01-Sonnenstand	Shanghai Altitude	TRNSYS	TRNSYS	18	Deg	Julian Agudelo, Hochschule München	0	32.96	1.86	0.8	0.48	0.37	1.19	78.23	0.0	1.48	0.77	99.9	0.61	2.11	0.05036	18.99	False	98.52	Gold
01-Sonnenstand	Shanghai Azimuth	TRNSYS	TRNSYS	18	Deg	Julian Agudelo, Hochschule München	0	179.93	1.48	7.37	-0.07	7.07	152.39	292.77	67.18	-0.04	1.18	99.81	2.66	2.34	0.01723	62.29	False	99.3	Gold
01-Sonnenstand	Kaxgar Altitude	TRNSYS	TRNSYS	18	Deg	Julian Agudelo, Hochschule München	0	29.02	2.04	0.74	0.44	0.34	1.04	69.93	0.0	1.55	0.83	99.88	0.58	2.33	0.06212	17.17	False	98.41	Gold
01-Sonnenstand	Kaxgar Azimuth	TRNSYS	TRNSYS	18	Deg	Julian Agudelo, Hochschule München	0	179.9	1.44	8.27	0.12	6.71	148.99	295.23	64.58	0.07	1.12	99.81	2.59	2.49	0.01681	59.47	False	99.3	Gold
01-Sonnenstand	Singapur Altitude	TRNSYS	TRNSYS	18	Deg	Julian Agudelo, Hochschule München	0	42.0	0.7	0.62	0.1	0.09	1.13	89.26	0.0	0.24	0.33	99.98	0.29	0.72	0.03152	23.67	False	99.51	Gold
01-Sonnenstand	Singapur Azimuth	TRNSYS	TRNSYS	18	Deg	Julian Agudelo, Hochschule München	0	179.93	3.56	5.43	0.1	41.06	240.32	359.37	0.13	0.06	1.8	99.42	6.41	4.13	0.10595	85.33	False	97.57	Gold
01-Sonnenstand	Lima Altitude	TRNSYS	TRNSYS	18	Deg	Julian Agudelo, Hochschule München	0	41.83	0.76	0.88	-0.17	0.1	1.16	89.48	0.0	-0.39	0.35	99.98	0.32	0.8	0.02994	24.01	False	99.31	Gold
01-Sonnenstand	Lima Azimuth	TRNSYS	TRNSYS	18	Deg	Julian Agudelo, Hochschule München	0	179.84	6.29	26.5	-0.32	128.52	358.49	359.81	0.26	-0.18	3.16	98.71	11.34	6.28	0.17819	101.53	False	95.62	Gold
01-Sonnenstand	Denver Altitude	TRNSYS	TRNSYS	18	Deg	Julian Agudelo, Hochschule München	0	28.89	2.22	1.27	0.4	0.4	1.25	69.64	0.5	1.41	0.9	99.86	0.63	2.54	0.07918	17.1	False	98.24	Gold
01-Sonnenstand	Denver Azimuth	TRNSYS	TRNSYS	18	Deg	Julian Agudelo, Hochschule München	0	179.92	0.4	0.71	-0.51	0.52	1.56	295.33	64.41	-0.28	0.31	99.99	0.72	0.69	0.00533	59.39	False	99.48	Gold
01-Sonnenstand	Barrow Altitude	TRNSYS	TRNSYS	18	Deg	Julian Agudelo, Hochschule München	0	18.23	81.21	37.14	4.97	115.9	26.02	38.1	0.0	37.52	19.23	4.62	10.77	79.4	1.52683	12.75	False	-23.4	Failed
01-Sonnenstand	Barrow Azimuth	TRNSYS	TRNSYS	18	Deg	Julian Agudelo, Hochschule München	0	178.35	25.78	11.14	-1.89	2158.79	359.53	359.95	0.19	-1.05	12.94	65.87	46.46	45.7	0.25648	79.55	False	66.9	Failed
01-Sonnenstand	Melbourne Altitude	TRNSYS	TRNSYS	18	Deg	Julian Agudelo, Hochschule München	0	29.81	26.27	20.76	-4.17	79.66	26.5	75.65	0.0	-12.27	11.72	80.0	8.93	26.74	0.58354	20.06	False	64.14	Failed
01-Sonnenstand	Melbourne Azimuth	TRNSYS	TRNSYS	18	Deg	Julian Agudelo, Hochschule München	0	191.72	82.51	19.65	11.83	22029.46	362.89	450.0	-65.18	6.58	41.39	-50.31	148.42	64.61	-99	149.89	False	33.1	Failed
02-SolareLasten Isotrop	Sun azimuth angle	Aixlib	AixLib	0.7.3	Deg	Amin Nouri, RWTH Aachen	0	179.93	1.67	0.06	-0.05	9.0	179.96	359.96	0.01	-0.03	0.83	99.91	3.0	1.73	0.08534	100.15	True	98.98	Gold
02-SolareLasten Isotrop	Sun elevation angle	Aixlib	AixLib	0.7.3	Deg	Amin Nouri, RWTH Aachen	0	-4.15	-2.3	0.02	0.05	0.01	0.23	56.8	-61.0	-1.25	0.08	100.0	0.1	0.21	-99	28.83	True	99.93	Gold
02-SolareLasten Isotrop	Direktstrahlung - 0	Aixlib	AixLib	0.7.3	W/m2	Amin Nouri, RWTH Aachen	0	50.1	3.57	0.94	0.19	3.17	11.12	520.34	0.0	0.38	0.34	99.97	1.78	10.2	0.12901	113.36	True	99.44	Gold
02-SolareLasten Isotrop	Direktstrahlung N 90	Aixlib	AixLib	0.7.3	W/m2	Amin Nouri, RWTH Aachen	0	30.68	31.95	0.81	1.5	86.9	123.61	467.39	0.0	5.14	2.01	98.73	9.32	113.74	0.14157	85.43	True	97.99	Gold
02-SolareLasten Isotrop	Direktstrahlung N 30	Aixlib	AixLib	0.7.3	W/m2	Amin Nouri, RWTH Aachen	0	42.05	8.66	0.61	0.57	12.89	61.23	297.77	0.0	1.38	1.21	99.7	3.59	5.08	0.18296	66.28	True	98.55	Gold
02-SolareLasten Isotrop	Direktstrahlung N-E 90	Aixlib	AixLib	0.7.3	W/m2	Amin Nouri, RWTH Aachen	0	21.27	14.76	1.68	0.26	9.62	26.83	399.41	0.0	1.22	0.79	99.75	3.1	236.48	0.10378	62.6	True	99.09	Gold
02-SolareLasten Isotrop	Direktstrahlung N-E 30	Aixlib	AixLib	0.7.3	W/m2	Amin Nouri, RWTH Aachen	0	20.65	7.93	0.95	0.12	2.65	20.92	330.04	0.0	0.59	0.49	99.93	1.63	220.01	0.11287	60.39	True	99.34	Gold
02-SolareLasten Isotrop	Direktstrahlung E 90	Aixlib	AixLib	0.7.3	W/m2	Amin Nouri, RWTH Aachen	0	25.64	9.86	1.29	0.06	6.36	31.64	516.51	0.0	0.25	0.49	99.92	2.52	2414.24	0.07649	88.08	True	99.33	Gold
02-SolareLasten Isotrop	Direktstrahlung E 30	Aixlib	AixLib	0.7.3	W/m2	Amin Nouri, RWTH Aachen	0	40.84	5.25	0.65	0.15	4.56	23.32	538.22	0.0	0.37	0.4	99.96	2.14	46.46	0.12127	110.49	True	99.4	Gold
02-SolareLasten Isotrop	Direktstrahlung S-E 90	Aixlib	AixLib	0.7.3	W/m2	Amin Nouri, RWTH Aachen	0	49.2	4.5	0.36	0.01	4.89	20.76	654.15	0.0	0.01	0.34	99.97	2.21	105.73	0.07419	137.17	True	99.43	Gold
02-SolareLasten Isotrop	Direktstrahlung S-E 30	Aixlib	AixLib	0.7.3	W/m2	Amin Nouri, RWTH Aachen	0	61.37	3.82	0.45	0.13	5.46	16.49	676.53	0.0	0.22	0.35	99.98	2.34	22.77	0.13125	155.45	True	99.41	Gold
02-SolareLasten Isotrop	Direktstrahlung S 90	Aixlib	AixLib	0.7.3	W/m2	Amin Nouri, RWTH Aachen	0	63.76	3.6	0.13	-0.04	5.29	25.1	718.84	0.0	-0.06	0.32	99.98	2.3	36.56	0.1181	165.28	True	99.44	Gold
02-SolareLasten Isotrop	Direktstrahlung S 30	Aixlib	AixLib	0.7.3	W/m2	Amin Nouri, RWTH Aachen	0	73.68	3.39	0.25	0.15	6.23	21.0	791.07	0.0	0.2	0.32	99.98	2.5	13.99	0.13833	177.05	True	99.45	Gold
02-SolareLasten Isotrop	Direktstrahlung S-W 90	Aixlib	AixLib	0.7.3	W/m2	Amin Nouri, RWTH Aachen	0	67.28	9.18	2.14	0.49	37.61	157.21	688.92	0.0	0.73	0.89	99.86	6.13	242.63	0.14032	162.95	True	99.07	Gold
02-SolareLasten Isotrop	Direktstrahlung S-W 30	Aixlib	AixLib	0.7.3	W/m2	Amin Nouri, RWTH Aachen	0	73.95	5.06	1.79	0.39	13.86	78.38	744.72	0.0	0.53	0.5	99.95	3.72	26.93	0.15201	170.41	True	99.33	Gold
02-SolareLasten Isotrop	Direktstrahlung W 90	Aixlib	AixLib	0.7.3	W/m2	Amin Nouri, RWTH Aachen	0	51.14	20.28	0.53	0.96	103.51	220.66	937.14	0.0	1.91	1.09	99.54	10.17	312.2	0.12805	151.91	True	98.86	Gold
02-SolareLasten Isotrop	Direktstrahlung W 30	Aixlib	AixLib	0.7.3	W/m2	Amin Nouri, RWTH Aachen	0	59.23	9.14	2.43	0.63	28.68	110.11	573.4	0.0	1.07	0.94	99.85	5.36	130.0	0.14796	141.67	True	98.98	Gold
02-SolareLasten Isotrop	Direktstrahlung N-W 90	Aixlib	AixLib	0.7.3	W/m2	Amin Nouri, RWTH Aachen	0	26.49	36.25	0.37	0.88	86.21	223.72	987.05	0.0	3.45	0.94	99.27	9.28	-99	0.0686	111.23	True	98.89	Gold
02-SolareLasten Isotrop	Direktstrahlung N-W 30	Aixlib	AixLib	0.7.3	W/m2	Amin Nouri, RWTH Aachen	0	35.03	13.79	1.26	0.54	22.62	111.28	563.12	0.0	1.56	0.85	99.75	4.76	237.29	0.13504	95.87	True	99.04	Gold
02-SolareLasten Isotrop	Diffusstrahlung - 0	Aixlib	AixLib	0.7.3	W/m2	Amin Nouri, RWTH Aachen	0	52.71	2.59	0.41	0.0	1.86	8.68	411.44	0.0	0.0	0.33	99.97	1.36	1.68	0.10254	82.95	True	99.58	Gold
02-SolareLasten Isotrop	Diffusstrahlung N 90	Aixlib	AixLib	0.7.3	W/m2	Amin Nouri, RWTH Aachen	0	36.52	2.96	1.05	-0.04	1.17	4.54	249.1	0.0	-0.1	0.43	99.96	1.08	1.57	0.08565	54.53	True	99.48	Gold
02-SolareLasten Isotrop	Diffusstrahlung N 30	Aixlib	AixLib	0.7.3	W/m2	Amin Nouri, RWTH Aachen	0	50.54	2.55	0.43	-0.0	1.66	8.12	389.66	0.0	-0.01	0.33	99.97	1.29	1.61	0.10021	79.01	True	99.58	Gold
02-SolareLasten Isotrop	Diffusstrahlung N-E 90	Aixlib	AixLib	0.7.3	W/m2	Amin Nouri, RWTH Aachen	0	36.52	2.96	1.05	-0.04	1.17	4.54	249.1	0.0	-0.1	0.43	99.96	1.08	1.57	0.08565	54.53	True	99.48	Gold
02-SolareLasten Isotrop	Diffusstrahlung N-E 30	Aixlib	AixLib	0.7.3	W/m2	Amin Nouri, RWTH Aachen	0	50.54	2.55	0.43	-0.0	1.66	8.12	389.66	0.0	-0.01	0.33	99.97	1.29	1.61	0.10021	79.01	True	99.58	Gold
02-SolareLasten Isotrop	Diffusstrahlung E 90	Aixlib	AixLib	0.7.3	W/m2	Amin Nouri, RWTH Aachen	0	36.52	2.96	1.05	-0.04	1.17	4.54	249.1	0.0	-0.1	0.43	99.96	1.08	1.57	0.08565	54.53	True	99.48	Gold
02-SolareLasten Isotrop	Diffusstrahlung E 30	Aixlib	AixLib	0.7.3	W/m2	Amin Nouri, RWTH Aachen	0	50.54	2.55	0.43	-0.0	1.66	8.12	389.66	0.0	-0.01	0.33	99.97	1.29	1.61	0.10021	79.01	True	99.58	Gold
02-SolareLasten Isotrop	Diffusstrahlung S-E 90	Aixlib	AixLib	0.7.3	W/m2	Amin Nouri, RWTH Aachen	0	36.52	2.96	1.05	-0.04	1.17	4.54	249.1	0.0	-0.1	0.43	99.96	1.08	1.57	0.08565	54.53	True	99.48	Gold
02-SolareLasten Isotrop	Diffusstrahlung S-E 30	Aixlib	AixLib	0.7.3	W/m2	Amin Nouri, RWTH Aachen	0	50.54	2.55	0.43	-0.0	1.66	8.12	389.66	0.0	-0.01	0.33	99.97	1.29	1.61	0.10021	79.01	True	99.58	Gold
02-SolareLasten Isotrop	Diffusstrahlung S 90	Aixlib	AixLib	0.7.3	W/m2	Amin Nouri, RWTH Aachen	0	36.52	2.96	1.05	-0.04	1.17	4.54	249.1	0.0	-0.1	0.43	99.96	1.08	1.57	0.08565	54.53	True	99.48	Gold
02-SolareLasten Isotrop	Diffusstrahlung S 30	Aixlib	AixLib	0.7.3	W/m2	Amin Nouri, RWTH Aachen	0	50.54	2.55	0.43	-0.0	1.66	8.12	389.66	0.0	-0.01	0.33	99.97	1.29	1.61	0.10021	79.01	True	99.58	Gold
02-SolareLasten Isotrop	Diffusstrahlung S-W 90	Aixlib	AixLib	0.7.3	W/m2	Amin Nouri, RWTH Aachen	0	36.52	2.96	1.05	-0.04	1.17	4.54	249.1	0.0	-0.1	0.43	99.96	1.08	1.57	0.08565	54.53	True	99.48	Gold
02-SolareLasten Isotrop	Diffusstrahlung S-W 30	Aixlib	AixLib	0.7.3	W/m2	Amin Nouri, RWTH Aachen	0	50.54	2.55	0.43	-0.0	1.66	8.12	389.66	0.0	-0.01	0.33	99.97	1.29	1.61	0.10021	79.01	True	99.58	Gold
02-SolareLasten Isotrop	Diffusstrahlung W 90	Aixlib	AixLib	0.7.3	W/m2	Amin Nouri, RWTH Aachen	0	36.52	2.96	1.05	-0.04	1.17	4.54	249.1	0.0	-0.1	0.43	99.96	1.08	1.57	0.08565	54.53	True	99.48	Gold
02-SolareLasten Isotrop	Diffusstrahlung W 30	Aixlib	AixLib	0.7.3	W/m2	Amin Nouri, RWTH Aachen	0	50.54	2.55	0.43	-0.0	1.66	8.12	389.66	0.0	-0.01	0.33	99.97	1.29	1.61	0.10021	79.01	True	99.58	Gold
02-SolareLasten Isotrop	Diffusstrahlung N-W 90	Aixlib	AixLib	0.7.3	W/m2	Amin Nouri, RWTH Aachen	0	36.52	2.96	1.05	-0.04	1.17	4.54	249.1	0.0	-0.1	0.43	99.96	1.08	1.57	0.08565	54.53	True	99.48	Gold
02-SolareLasten Isotrop	Diffusstrahlung N-W 30	Aixlib	AixLib	0.7.3	W/m2	Amin Nouri, RWTH Aachen	0	50.54	2.55	0.43	-0.0	1.66	8.12	389.66	0.0	-0.01	0.33	99.97	1.29	1.61	0.10021	79.01	True	99.58	Gold
02-SolareLasten Isotrop	Sun azimuth angle	ETU2	HottCAD	5.1.x.19	Deg	Dr. Rainer Rolffs, ETU Hottgenroth	0	179.98	3.73	0.06	0.01	45.06	359.98	360.0	0.1	0.0	1.87	99.55	6.71	3.86	0.11494	100.35	False	98.25	Gold
02-SolareLasten Isotrop	Sun elevation angle	ETU2	HottCAD	5.1.x.19	Deg	Dr. Rainer Rolffs, ETU Hottgenroth	0	-3.74	-13.94	0.22	0.47	0.34	1.17	57.0	-60.9	-11.07	0.5	99.96	0.59	1.26	-99	28.83	False	99.42	Gold
02-SolareLasten Isotrop	Direktstrahlung - 0	ETU2	HottCAD	5.1.x.19	W/m2	Dr. Rainer Rolffs, ETU Hottgenroth	0	46.42	88.12	7.17	-3.49	1934.03	233.66	517.0	0.0	-6.99	8.48	84.73	43.98	252.04	0.90266	111.47	False	85.92	Bronze
02-SolareLasten Isotrop	Direktstrahlung N 90	ETU2	HottCAD	5.1.x.19	W/m2	Dr. Rainer Rolffs, ETU Hottgenroth	0	13.33	201.65	65.99	-15.85	3461.46	339.56	157.7	0.0	-54.33	12.69	49.32	58.83	717.88	1.00022	37.8	False	87.31	Bronze
02-SolareLasten Isotrop	Direktstrahlung N 30	ETU2	HottCAD	5.1.x.19	W/m2	Dr. Rainer Rolffs, ETU Hottgenroth	0	34.6	100.34	16.95	-6.88	1732.48	216.04	249.54	0.0	-16.59	14.02	59.5	41.62	58.91	0.86065	56.16	False	83.24	Bronze
02-SolareLasten Isotrop	Direktstrahlung N-E 90	ETU2	HottCAD	5.1.x.19	W/m2	Dr. Rainer Rolffs, ETU Hottgenroth	0	10.99	272.16	14.28	-10.03	3271.14	377.25	351.89	0.0	-47.71	14.57	13.45	57.19	4261.87	1.03083	41.67	False	83.46	Bronze
02-SolareLasten Isotrop	Direktstrahlung N-E 30	ETU2	HottCAD	5.1.x.19	W/m2	Dr. Rainer Rolffs, ETU Hottgenroth	0	15.62	178.76	5.28	-4.91	1346.9	316.49	342.22	0.0	-23.89	11.14	62.3	36.7	4960.77	0.83052	51.94	False	85.21	Bronze
02-SolareLasten Isotrop	Direktstrahlung E 90	ETU2	HottCAD	5.1.x.19	W/m2	Dr. Rainer Rolffs, ETU Hottgenroth	0	15.42	230.76	16.7	-10.16	3483.93	460.63	470.43	0.0	-39.7	11.53	54.41	59.02	56382.11	0.89597	62.29	False	85.75	Bronze
02-SolareLasten Isotrop	Direktstrahlung E 30	ETU2	HottCAD	5.1.x.19	W/m2	Dr. Rainer Rolffs, ETU Hottgenroth	0	31.71	133.62	6.07	-8.98	2956.45	358.19	533.85	0.0	-22.07	10.12	75.44	54.37	1182.52	0.93703	94.34	False	85.64	Bronze
02-SolareLasten Isotrop	Direktstrahlung S-E 90	ETU2	HottCAD	5.1.x.19	W/m2	Dr. Rainer Rolffs, ETU Hottgenroth	0	36.52	134.59	9.12	-12.67	4383.76	448.41	623.27	0.0	-25.76	10.13	76.54	66.21	3165.31	0.96682	109.28	False	85.5	Bronze
02-SolareLasten Isotrop	Direktstrahlung S-E 30	ETU2	HottCAD	5.1.x.19	W/m2	Dr. Rainer Rolffs, ETU Hottgenroth	0	52.44	105.51	7.43	-8.79	4173.5	426.56	658.04	0.0	-14.35	9.58	82.52	64.6	629.67	0.99416	141.03	False	85.01	Bronze
02-SolareLasten Isotrop	Direktstrahlung S 90	ETU2	HottCAD	5.1.x.19	W/m2	Dr. Rainer Rolffs, ETU Hottgenroth	0	59.97	113.77	5.5	-3.83	5268.23	562.43	730.88	0.0	-6.0	10.09	80.58	72.58	1153.83	0.95387	162.28	False	84.58	Bronze
02-SolareLasten Isotrop	Direktstrahlung S 30	ETU2	HottCAD	5.1.x.19	W/m2	Dr. Rainer Rolffs, ETU Hottgenroth	0	69.2	96.37	7.19	-4.34	5021.85	479.2	775.94	0.0	-5.9	8.97	83.79	70.87	397.41	0.9825	174.15	False	85.45	Bronze
02-SolareLasten Isotrop	Direktstrahlung S-W 90	ETU2	HottCAD	5.1.x.19	W/m2	Dr. Rainer Rolffs, ETU Hottgenroth	0	67.58	124.35	33.17	0.79	6897.81	783.8	828.84	0.0	1.18	12.1	73.69	83.05	3285.73	0.87537	175.87	False	83.66	Bronze
02-SolareLasten Isotrop	Direktstrahlung S-W 30	ETU2	HottCAD	5.1.x.19	W/m2	Dr. Rainer Rolffs, ETU Hottgenroth	0	71.92	97.78	17.81	-1.64	5173.53	589.29	819.0	0.0	-2.23	9.71	81.96	71.93	520.2	0.91339	176.43	False	84.61	Bronze
02-SolareLasten Isotrop	Direktstrahlung W 90	ETU2	HottCAD	5.1.x.19	W/m2	Dr. Rainer Rolffs, ETU Hottgenroth	0	47.47	164.66	50.34	-2.71	6826.51	682.16	675.17	0.0	-5.39	8.86	69.51	82.62	2190.32	0.70847	137.39	False	84.63	Bronze
02-SolareLasten Isotrop	Direktstrahlung W 30	ETU2	HottCAD	5.1.x.19	W/m2	Dr. Rainer Rolffs, ETU Hottgenroth	0	57.05	109.38	26.5	-1.55	4108.37	470.4	650.54	0.0	-2.65	11.25	79.17	64.1	1555.88	0.83324	142.81	False	84.02	Bronze
02-SolareLasten Isotrop	Direktstrahlung N-W 90	ETU2	HottCAD	5.1.x.19	W/m2	Dr. Rainer Rolffs, ETU Hottgenroth	0	18.66	236.9	76.45	-6.95	3680.94	721.84	529.35	0.0	-27.12	6.15	68.8	60.67	-99	0.54319	75.09	False	82.09	Bronze
02-SolareLasten Isotrop	Direktstrahlung N-W 30	ETU2	HottCAD	5.1.x.19	W/m2	Dr. Rainer Rolffs, ETU Hottgenroth	0	32.09	129.54	30.16	-2.4	1996.04	407.62	477.51	0.0	-6.97	8.0	77.76	44.68	2229.03	0.69661	86.5	False	86.21	Bronze
02-SolareLasten Isotrop	Diffusstrahlung - 0	ETU2	HottCAD	5.1.x.19	W/m2	Dr. Rainer Rolffs, ETU Hottgenroth	0	52.74	67.7	0.07	0.03	1273.32	183.34	411.23	0.0	0.06	8.68	81.29	35.68	44.0	0.89393	83.49	False	88.69	Bronze
02-SolareLasten Isotrop	Diffusstrahlung N 90	ETU2	HottCAD	5.1.x.19	W/m2	Dr. Rainer Rolffs, ETU Hottgenroth	0	32.8	61.44	16.72	-3.76	504.56	128.01	207.81	0.0	-10.28	9.02	82.87	22.46	32.59	0.80047	47.76	False	88.09	Bronze
02-SolareLasten Isotrop	Diffusstrahlung N 30	ETU2	HottCAD	5.1.x.19	W/m2	Dr. Rainer Rolffs, ETU Hottgenroth	0	46.57	66.6	11.44	-3.97	1133.13	177.76	370.3	0.0	-7.86	8.65	81.65	33.66	42.17	0.87839	74.44	False	88.86	Bronze
02-SolareLasten Isotrop	Diffusstrahlung N-E 90	ETU2	HottCAD	5.1.x.19	W/m2	Dr. Rainer Rolffs, ETU Hottgenroth	0	33.29	53.68	17.32	-3.27	385.14	127.92	205.01	0.0	-8.95	7.88	86.92	19.62	28.47	0.74726	48.55	False	89.25	Bronze
02-SolareLasten Isotrop	Diffusstrahlung N-E 30	ETU2	HottCAD	5.1.x.19	W/m2	Dr. Rainer Rolffs, ETU Hottgenroth	0	47.08	62.13	7.85	-3.47	986.28	177.46	363.3	0.0	-6.86	8.07	84.03	31.41	39.34	0.8532	74.93	False	89.5	Bronze
02-SolareLasten Isotrop	Diffusstrahlung E 90	ETU2	HottCAD	5.1.x.19	W/m2	Dr. Rainer Rolffs, ETU Hottgenroth	0	36.49	54.47	32.3	-0.07	396.63	125.52	205.51	0.0	-0.18	7.99	86.53	19.92	28.9	0.73313	53.03	False	89.4	Bronze
02-SolareLasten Isotrop	Diffusstrahlung E 30	ETU2	HottCAD	5.1.x.19	W/m2	Dr. Rainer Rolffs, ETU Hottgenroth	0	49.63	61.07	11.51	-0.92	952.95	173.27	368.52	0.0	-1.81	7.93	84.57	30.87	38.67	0.84077	77.92	False	89.67	Bronze
02-SolareLasten Isotrop	Diffusstrahlung S-E 90	ETU2	HottCAD	5.1.x.19	W/m2	Dr. Rainer Rolffs, ETU Hottgenroth	0	40.26	69.66	57.94	3.71	648.64	158.71	249.38	0.0	10.14	10.22	77.98	25.47	36.95	0.74246	59.41	False	88.02	Bronze
02-SolareLasten Isotrop	Diffusstrahlung S-E 30	ETU2	HottCAD	5.1.x.19	W/m2	Dr. Rainer Rolffs, ETU Hottgenroth	0	52.67	65.22	20.59	2.12	1086.66	166.83	381.65	0.0	4.2	8.47	82.4	32.96	41.29	0.84401	81.67	False	89.16	Bronze
02-SolareLasten Isotrop	Diffusstrahlung S 90	ETU2	HottCAD	5.1.x.19	W/m2	Dr. Rainer Rolffs, ETU Hottgenroth	0	42.68	81.95	54.21	6.12	897.67	159.21	237.88	0.0	16.74	12.03	69.52	29.96	43.47	0.77846	63.18	False	86.02	Bronze
02-SolareLasten Isotrop	Diffusstrahlung S 30	ETU2	HottCAD	5.1.x.19	W/m2	Dr. Rainer Rolffs, ETU Hottgenroth	0	54.48	70.83	20.48	3.94	1281.87	168.45	396.42	0.0	7.79	9.2	79.24	35.8	44.85	0.86156	83.94	False	88.27	Bronze
02-SolareLasten Isotrop	Diffusstrahlung S-W 90	ETU2	HottCAD	5.1.x.19	W/m2	Dr. Rainer Rolffs, ETU Hottgenroth	0	42.61	88.83	32.17	6.05	1054.73	113.09	251.86	0.0	16.55	13.04	64.19	32.48	47.12	0.8455	62.8	False	84.06	Bronze
02-SolareLasten Isotrop	Diffusstrahlung S-W 30	ETU2	HottCAD	5.1.x.19	W/m2	Dr. Rainer Rolffs, ETU Hottgenroth	0	54.08	74.54	12.72	3.54	1419.64	182.69	405.5	0.0	7.0	9.68	77.01	37.68	47.2	0.88783	83.56	False	87.54	Bronze
02-SolareLasten Isotrop	Diffusstrahlung W 90	ETU2	HottCAD	5.1.x.19	W/m2	Dr. Rainer Rolffs, ETU Hottgenroth	0	39.8	88.13	17.25	3.24	1038.08	130.47	247.14	0.0	8.86	12.93	64.75	32.22	46.75	0.88115	58.61	False	83.86	Bronze
02-SolareLasten Isotrop	Diffusstrahlung W 30	ETU2	HottCAD	5.1.x.19	W/m2	Dr. Rainer Rolffs, ETU Hottgenroth	0	51.63	74.88	4.02	1.08	1432.45	188.58	402.67	0.0	2.14	9.72	76.8	37.85	47.41	0.90521	80.72	False	87.46	Bronze
02-SolareLasten Isotrop	Diffusstrahlung N-W 90	ETU2	HottCAD	5.1.x.19	W/m2	Dr. Rainer Rolffs, ETU Hottgenroth	0	35.62	74.58	9.89	-0.94	743.49	126.15	223.92	0.0	-2.58	10.94	74.76	27.27	39.56	0.85772	51.81	False	86.0	Bronze
02-SolareLasten Isotrop	Diffusstrahlung N-W 30	ETU2	HottCAD	5.1.x.19	W/m2	Dr. Rainer Rolffs, ETU Hottgenroth	0	48.49	71.54	7.45	-2.06	1307.52	185.96	386.84	0.0	-4.07	9.29	78.83	36.16	45.29	0.90082	76.86	False	88.06	Bronze
02-SolareLasten Isotrop	Sun azimuth angle	NANDRAD	NANDRAD	1.8	Deg	Dirk Weiß, IBK TU Dresden	0	180.03	1.67	0.05	0.05	9.0	179.96	359.99	0.02	0.03	0.83	99.91	3.0	1.73	0.01203	100.1	True	98.98	Gold
02-SolareLasten Isotrop	Sun elevation angle	NANDRAD	NANDRAD	1.8	Deg	Dirk Weiß, IBK TU Dresden	0	-4.26	-2.3	0.02	-0.05	0.01	0.23	56.88	-61.0	1.25	0.08	100.0	0.1	0.21	-99	28.85	True	99.93	Gold
02-SolareLasten Isotrop	Direktstrahlung - 0	NANDRAD	NANDRAD	1.8	W/m2	Dirk Weiß, IBK TU Dresden	0	49.71	3.57	0.52	-0.19	3.17	11.12	517.87	0.0	-0.38	0.34	99.97	1.78	10.2	0.05513	111.73	True	99.44	Gold
02-SolareLasten Isotrop	Direktstrahlung N 90	NANDRAD	NANDRAD	1.8	W/m2	Dirk Weiß, IBK TU Dresden	0	27.68	31.95	0.08	-1.5	86.9	123.61	464.04	0.0	-5.14	2.01	98.73	9.32	113.74	0.59583	80.82	True	97.99	Gold
02-SolareLasten Isotrop	Direktstrahlung N 30	NANDRAD	NANDRAD	1.8	W/m2	Dirk Weiß, IBK TU Dresden	0	40.91	8.66	0.55	-0.57	12.89	61.23	297.6	0.0	-1.38	1.21	99.7	3.59	5.08	0.33447	64.72	True	98.55	Gold
02-SolareLasten Isotrop	Direktstrahlung N-E 90	NANDRAD	NANDRAD	1.8	W/m2	Dirk Weiß, IBK TU Dresden	0	20.76	14.76	0.05	-0.26	9.62	26.83	392.63	0.0	-1.22	0.79	99.75	3.1	236.48	0.34843	60.49	True	99.09	Gold
02-SolareLasten Isotrop	Direktstrahlung N-E 30	NANDRAD	NANDRAD	1.8	W/m2	Dirk Weiß, IBK TU Dresden	0	20.41	7.93	0.65	-0.12	2.65	20.92	329.63	0.0	-0.59	0.49	99.93	1.63	220.01	0.16877	59.19	True	99.34	Gold
02-SolareLasten Isotrop	Direktstrahlung E 90	NANDRAD	NANDRAD	1.8	W/m2	Dirk Weiß, IBK TU Dresden	0	25.52	9.86	0.23	-0.06	6.36	31.64	511.52	0.0	-0.25	0.49	99.92	2.52	2414.24	0.22274	86.83	True	99.33	Gold
02-SolareLasten Isotrop	Direktstrahlung E 30	NANDRAD	NANDRAD	1.8	W/m2	Dirk Weiß, IBK TU Dresden	0	40.54	5.25	0.63	-0.15	4.56	23.32	536.65	0.0	-0.37	0.4	99.96	2.14	46.46	0.16868	108.97	True	99.4	Gold
02-SolareLasten Isotrop	Direktstrahlung S-E 90	NANDRAD	NANDRAD	1.8	W/m2	Dirk Weiß, IBK TU Dresden	0	49.19	4.5	0.37	-0.01	4.89	20.76	654.55	0.0	-0.01	0.34	99.97	2.21	105.73	0.15506	136.28	True	99.43	Gold
02-SolareLasten Isotrop	Direktstrahlung S-E 30	NANDRAD	NANDRAD	1.8	W/m2	Dirk Weiß, IBK TU Dresden	0	61.1	3.82	0.32	-0.13	5.46	16.49	672.53	0.0	-0.22	0.35	99.98	2.34	22.77	0.11734	153.65	True	99.41	Gold
02-SolareLasten Isotrop	Direktstrahlung S 90	NANDRAD	NANDRAD	1.8	W/m2	Dirk Weiß, IBK TU Dresden	0	63.83	3.6	0.21	0.04	5.29	25.1	720.92	0.0	0.06	0.32	99.98	2.3	36.56	0.06088	164.14	True	99.44	Gold
02-SolareLasten Isotrop	Direktstrahlung S 30	NANDRAD	NANDRAD	1.8	W/m2	Dirk Weiß, IBK TU Dresden	0	73.39	3.39	0.2	-0.15	6.23	21.0	789.61	0.0	-0.2	0.32	99.98	2.5	13.99	0.05956	175.05	True	99.45	Gold
02-SolareLasten Isotrop	Direktstrahlung S-W 90	NANDRAD	NANDRAD	1.8	W/m2	Dirk Weiß, IBK TU Dresden	0	66.3	9.18	1.86	-0.49	37.61	157.21	685.11	0.0	-0.73	0.89	99.86	6.13	242.63	0.3052	161.11	True	99.07	Gold
02-SolareLasten Isotrop	Direktstrahlung S-W 30	NANDRAD	NANDRAD	1.8	W/m2	Dirk Weiß, IBK TU Dresden	0	73.18	5.06	1.23	-0.39	13.86	78.38	737.13	0.0	-0.53	0.5	99.95	3.72	26.93	0.24459	168.33	True	99.33	Gold
02-SolareLasten Isotrop	Direktstrahlung W 90	NANDRAD	NANDRAD	1.8	W/m2	Dirk Weiß, IBK TU Dresden	0	49.22	20.28	0.05	-0.96	103.51	220.66	932.13	0.0	-1.91	1.09	99.54	10.17	312.2	0.37248	148.0	True	98.86	Gold
02-SolareLasten Isotrop	Direktstrahlung W 30	NANDRAD	NANDRAD	1.8	W/m2	Dirk Weiß, IBK TU Dresden	0	57.97	9.14	1.77	-0.63	28.68	110.11	566.37	0.0	-1.07	0.94	99.85	5.36	130.0	0.31249	139.39	True	98.98	Gold
02-SolareLasten Isotrop	Direktstrahlung N-W 90	NANDRAD	NANDRAD	1.8	W/m2	Dirk Weiß, IBK TU Dresden	0	24.73	36.25	0.18	-0.88	86.21	223.72	987.24	0.0	-3.45	0.94	99.27	9.28	-99	0.36313	106.76	True	98.89	Gold
02-SolareLasten Isotrop	Direktstrahlung N-W 30	NANDRAD	NANDRAD	1.8	W/m2	Dirk Weiß, IBK TU Dresden	0	33.95	13.79	0.6	-0.54	22.62	111.28	559.21	0.0	-1.56	0.85	99.75	4.76	237.29	0.30595	93.81	True	99.04	Gold
02-SolareLasten Isotrop	Diffusstrahlung - 0	NANDRAD	NANDRAD	1.8	W/m2	Dirk Weiß, IBK TU Dresden	0	52.71	2.59	0.0	-0.0	1.86	8.68	411.0	0.0	-0.0	0.33	99.97	1.36	1.68	0.0686	82.05	True	99.58	Gold
02-SolareLasten Isotrop	Diffusstrahlung N 90	NANDRAD	NANDRAD	1.8	W/m2	Dirk Weiß, IBK TU Dresden	0	36.6	2.96	0.59	0.04	1.17	4.54	249.18	0.0	0.1	0.43	99.96	1.08	1.57	0.06259	54.03	True	99.48	Gold
02-SolareLasten Isotrop	Diffusstrahlung N 30	NANDRAD	NANDRAD	1.8	W/m2	Dirk Weiß, IBK TU Dresden	0	50.55	2.55	0.04	0.0	1.66	8.12	389.32	0.0	0.01	0.33	99.97	1.29	1.61	0.06767	78.17	True	99.58	Gold
02-SolareLasten Isotrop	Diffusstrahlung N-E 90	NANDRAD	NANDRAD	1.8	W/m2	Dirk Weiß, IBK TU Dresden	0	36.6	2.96	0.59	0.04	1.17	4.54	249.18	0.0	0.1	0.43	99.96	1.08	1.57	0.06259	54.03	True	99.48	Gold
02-SolareLasten Isotrop	Diffusstrahlung N-E 30	NANDRAD	NANDRAD	1.8	W/m2	Dirk Weiß, IBK TU Dresden	0	50.55	2.55	0.04	0.0	1.66	8.12	389.32	0.0	0.01	0.33	99.97	1.29	1.61	0.06767	78.17	True	99.58	Gold
02-SolareLasten Isotrop	Diffusstrahlung E 90	NANDRAD	NANDRAD	1.8	W/m2	Dirk Weiß, IBK TU Dresden	0	36.6	2.96	0.59	0.04	1.17	4.54	249.18	0.0	0.1	0.43	99.96	1.08	1.57	0.06259	54.03	True	99.48	Gold
02-SolareLasten Isotrop	Diffusstrahlung E 30	NANDRAD	NANDRAD	1.8	W/m2	Dirk Weiß, IBK TU Dresden	0	50.55	2.55	0.04	0.0	1.66	8.12	389.32	0.0	0.01	0.33	99.97	1.29	1.61	0.06767	78.17	True	99.58	Gold
02-SolareLasten Isotrop	Diffusstrahlung S-E 90	NANDRAD	NANDRAD	1.8	W/m2	Dirk Weiß, IBK TU Dresden	0	36.6	2.96	0.59	0.04	1.17	4.54	249.18	0.0	0.1	0.43	99.96	1.08	1.57	0.06259	54.03	True	99.48	Gold
02-SolareLasten Isotrop	Diffusstrahlung S-E 30	NANDRAD	NANDRAD	1.8	W/m2	Dirk Weiß, IBK TU Dresden	0	50.55	2.55	0.04	0.0	1.66	8.12	389.32	0.0	0.01	0.33	99.97	1.29	1.61	0.06767	78.17	True	99.58	Gold
02-SolareLasten Isotrop	Diffusstrahlung S 90	NANDRAD	NANDRAD	1.8	W/m2	Dirk Weiß, IBK TU Dresden	0	36.6	2.96	0.59	0.04	1.17	4.54	249.18	0.0	0.1	0.43	99.96	1.08	1.57	0.06259	54.03	True	99.48	Gold
02-SolareLasten Isotrop	Diffusstrahlung S 30	NANDRAD	NANDRAD	1.8	W/m2	Dirk Weiß, IBK TU Dresden	0	50.55	2.55	0.04	0.0	1.66	8.12	389.32	0.0	0.01	0.33	99.97	1.29	1.61	0.06767	78.17	True	99.58	Gold
02-SolareLasten Isotrop	Diffusstrahlung S-W 90	NANDRAD	NANDRAD	1.8	W/m2	Dirk Weiß, IBK TU Dresden	0	36.6	2.96	0.59	0.04	1.17	4.54	249.18	0.0	0.1	0.43	99.96	1.08	1.57	0.06259	54.03	True	99.48	Gold
02-SolareLasten Isotrop	Diffusstrahlung S-W 30	NANDRAD	NANDRAD	1.8	W/m2	Dirk Weiß, IBK TU Dresden	0	50.55	2.55	0.04	0.0	1.66	8.12	389.32	0.0	0.01	0.33	99.97	1.29	1.61	0.06767	78.17	True	99.58	Gold
02-SolareLasten Isotrop	Diffusstrahlung W 90	NANDRAD	NANDRAD	1.8	W/m2	Dirk Weiß, IBK TU Dresden	0	36.6	2.96	0.59	0.04	1.17	4.54	249.18	0.0	0.1	0.43	99.96	1.08	1.57	0.06259	54.03	True	99.48	Gold
02-SolareLasten Isotrop	Diffusstrahlung W 30	NANDRAD	NANDRAD	1.8	W/m2	Dirk Weiß, IBK TU Dresden	0	50.55	2.55	0.04	0.0	1.66	8.12	389.32	0.0	0.01	0.33	99.97	1.29	1.61	0.06767	78.17	True	99.58	Gold
02-SolareLasten Isotrop	Diffusstrahlung N-W 90	NANDRAD	NANDRAD	1.8	W/m2	Dirk Weiß, IBK TU Dresden	0	36.6	2.96	0.59	0.04	1.17	4.54	249.18	0.0	0.1	0.43	99.96	1.08	1.57	0.06259	54.03	True	99.48	Gold
02-SolareLasten Isotrop	Diffusstrahlung N-W 30	NANDRAD	NANDRAD	1.8	W/m2	Dirk Weiß, IBK TU Dresden	0	50.55	2.55	0.04	0.0	1.66	8.12	389.32	0.0	0.01	0.33	99.97	1.29	1.61	0.06767	78.17	True	99.58	Gold
02-SolareLasten Isotrop	Sun azimuth angle	THERAKLES	THERAKLES	1.8	Deg	TU Dresden, IBK TU Dresden	0	-4.26	117.6	79.04	-184.23	44797.35	420.79	56.88	-61.0	-102.36	58.82	-347.22	211.65	121.78	-99	28.85	False	41.88	Failed
02-SolareLasten Isotrop	Sun elevation angle	THERAKLES	THERAKLES	1.8	Deg	TU Dresden, IBK TU Dresden	0	180.03	-5036.14	377.32	184.23	44804.47	420.99	360.0	0.02	-4383.25	179.63	-5286.98	211.67	454.1	-99	100.11	False	-112.57	Failed
02-SolareLasten Isotrop	Direktstrahlung - 0	THERAKLES	THERAKLES	1.8	W/m2	TU Dresden, IBK TU Dresden	0	49.71	3.57	0.52	-0.19	3.17	11.12	517.87	0.0	-0.38	0.34	99.97	1.78	10.2	0.05513	111.73	False	99.44	Gold
02-SolareLasten Isotrop	Direktstrahlung N 90	THERAKLES	THERAKLES	1.8	W/m2	TU Dresden, IBK TU Dresden	0	27.68	31.95	0.08	-1.5	86.9	123.61	464.04	0.0	-5.14	2.01	98.73	9.32	113.74	0.59583	80.82	False	97.99	Gold
02-SolareLasten Isotrop	Direktstrahlung N 30	THERAKLES	THERAKLES	1.8	W/m2	TU Dresden, IBK TU Dresden	0	40.91	8.66	0.55	-0.57	12.89	61.23	297.6	0.0	-1.38	1.21	99.7	3.59	5.08	0.33447	64.72	False	98.55	Gold
02-SolareLasten Isotrop	Direktstrahlung N-E 90	THERAKLES	THERAKLES	1.8	W/m2	TU Dresden, IBK TU Dresden	0	20.76	14.76	0.05	-0.26	9.62	26.83	392.63	0.0	-1.22	0.79	99.75	3.1	236.48	0.34843	60.49	False	99.09	Gold
02-SolareLasten Isotrop	Direktstrahlung N-E 30	THERAKLES	THERAKLES	1.8	W/m2	TU Dresden, IBK TU Dresden	0	20.41	7.93	0.65	-0.12	2.65	20.92	329.63	0.0	-0.59	0.49	99.93	1.63	220.01	0.16877	59.19	False	99.34	Gold
02-SolareLasten Isotrop	Direktstrahlung E 90	THERAKLES	THERAKLES	1.8	W/m2	TU Dresden, IBK TU Dresden	0	25.52	9.86	0.23	-0.06	6.36	31.64	511.52	0.0	-0.25	0.49	99.92	2.52	2414.24	0.22274	86.83	False	99.33	Gold
02-SolareLasten Isotrop	Direktstrahlung E 30	THERAKLES	THERAKLES	1.8	W/m2	TU Dresden, IBK TU Dresden	0	40.54	5.25	0.63	-0.15	4.56	23.32	536.65	0.0	-0.37	0.4	99.96	2.14	46.46	0.16868	108.97	False	99.4	Gold
02-SolareLasten Isotrop	Direktstrahlung S-E 90	THERAKLES	THERAKLES	1.8	W/m2	TU Dresden, IBK TU Dresden	0	49.19	4.5	0.37	-0.01	4.89	20.76	654.55	0.0	-0.01	0.34	99.97	2.21	105.73	0.15506	136.28	False	99.43	Gold
02-SolareLasten Isotrop	Direktstrahlung S-E 30	THERAKLES	THERAKLES	1.8	W/m2	TU Dresden, IBK TU Dresden	0	61.1	3.82	0.32	-0.13	5.46	16.49	672.53	0.0	-0.22	0.35	99.98	2.34	22.77	0.11734	153.65	False	99.41	Gold
02-SolareLasten Isotrop	Direktstrahlung S 90	THERAKLES	THERAKLES	1.8	W/m2	TU Dresden, IBK TU Dresden	0	63.83	3.6	0.21	0.04	5.29	25.1	720.92	0.0	0.06	0.32	99.98	2.3	36.56	0.06088	164.14	False	99.44	Gold
02-SolareLasten Isotrop	Direktstrahlung S 30	THERAKLES	THERAKLES	1.8	W/m2	TU Dresden, IBK TU Dresden	0	73.39	3.39	0.2	-0.15	6.23	21.0	789.61	0.0	-0.2	0.32	99.98	2.5	13.99	0.05956	175.05	False	99.45	Gold
02-SolareLasten Isotrop	Direktstrahlung S-W 90	THERAKLES	THERAKLES	1.8	W/m2	TU Dresden, IBK TU Dresden	0	66.3	9.18	1.86	-0.49	37.61	157.21	685.11	0.0	-0.73	0.89	99.86	6.13	242.63	0.3052	161.11	False	99.07	Gold
02-SolareLasten Isotrop	Direktstrahlung S-W 30	THERAKLES	THERAKLES	1.8	W/m2	TU Dresden, IBK TU Dresden	0	73.18	5.06	1.23	-0.39	13.86	78.38	737.13	0.0	-0.53	0.5	99.95	3.72	26.93	0.24459	168.33	False	99.33	Gold
02-SolareLasten Isotrop	Direktstrahlung W 90	THERAKLES	THERAKLES	1.8	W/m2	TU Dresden, IBK TU Dresden	0	49.22	20.28	0.05	-0.96	103.51	220.66	932.13	0.0	-1.91	1.09	99.54	10.17	312.2	0.37248	148.0	False	98.86	Gold
02-SolareLasten Isotrop	Direktstrahlung W 30	THERAKLES	THERAKLES	1.8	W/m2	TU Dresden, IBK TU Dresden	0	57.97	9.14	1.77	-0.63	28.68	110.11	566.37	0.0	-1.07	0.94	99.85	5.36	130.0	0.31249	139.39	False	98.98	Gold
02-SolareLasten Isotrop	Direktstrahlung N-W 90	THERAKLES	THERAKLES	1.8	W/m2	TU Dresden, IBK TU Dresden	0	24.73	36.25	0.18	-0.88	86.21	223.72	987.24	0.0	-3.45	0.94	99.27	9.28	-99	0.36313	106.76	False	98.89	Gold
02-SolareLasten Isotrop	Direktstrahlung N-W 30	THERAKLES	THERAKLES	1.8	W/m2	TU Dresden, IBK TU Dresden	0	33.95	13.79	0.6	-0.54	22.62	111.28	559.21	0.0	-1.56	0.85	99.75	4.76	237.29	0.30595	93.81	False	99.04	Gold
02-SolareLasten Isotrop	Diffusstrahlung - 0	THERAKLES	THERAKLES	1.8	W/m2	TU Dresden, IBK TU Dresden	0	52.71	2.59	0.0	-0.0	1.86	8.68	411.0	0.0	-0.0	0.33	99.97	1.36	1.68	0.0686	82.05	False	99.58	Gold
02-SolareLasten Isotrop	Diffusstrahlung N 90	THERAKLES	THERAKLES	1.8	W/m2	TU Dresden, IBK TU Dresden	0	36.6	2.96	0.59	0.04	1.17	4.54	249.18	0.0	0.1	0.43	99.96	1.08	1.57	0.06259	54.03	False	99.48	Gold
02-SolareLasten Isotrop	Diffusstrahlung N 30	THERAKLES	THERAKLES	1.8	W/m2	TU Dresden, IBK TU Dresden	0	50.55	2.55	0.04	0.0	1.66	8.12	389.32	0.0	0.01	0.33	99.97	1.29	1.61	0.06767	78.17	False	99.58	Gold
02-SolareLasten Isotrop	Diffusstrahlung N-E 90	THERAKLES	THERAKLES	1.8	W/m2	TU Dresden, IBK TU Dresden	0	36.6	2.96	0.59	0.04	1.17	4.54	249.18	0.0	0.1	0.43	99.96	1.08	1.57	0.06259	54.03	False	99.48	Gold
02-SolareLasten Isotrop	Diffusstrahlung N-E 30	THERAKLES	THERAKLES	1.8	W/m2	TU Dresden, IBK TU Dresden	0	50.55	2.55	0.04	0.0	1.66	8.12	389.32	0.0	0.01	0.33	99.97	1.29	1.61	0.06767	78.17	False	99.58	Gold
02-SolareLasten Isotrop	Diffusstrahlung E 90	THERAKLES	THERAKLES	1.8	W/m2	TU Dresden, IBK TU Dresden	0	36.6	2.96	0.59	0.04	1.17	4.54	249.18	0.0	0.1	0.43	99.96	1.08	1.57	0.06259	54.03	False	99.48	Gold
02-SolareLasten Isotrop	Diffusstrahlung E 30	THERAKLES	THERAKLES	1.8	W/m2	TU Dresden, IBK TU Dresden	0	50.55	2.55	0.04	0.0	1.66	8.12	389.32	0.0	0.01	0.33	99.97	1.29	1.61	0.06767	78.17	False	99.58	Gold
02-SolareLasten Isotrop	Diffusstrahlung S-E 90	THERAKLES	THERAKLES	1.8	W/m2	TU Dresden, IBK TU Dresden	0	36.6	2.96	0.59	0.04	1.17	4.54	249.18	0.0	0.1	0.43	99.96	1.08	1.57	0.06259	54.03	False	99.48	Gold
02-SolareLasten Isotrop	Diffusstrahlung S-E 30	THERAKLES	THERAKLES	1.8	W/m2	TU Dresden, IBK TU Dresden	0	50.55	2.55	0.04	0.0	1.66	8.12	389.32	0.0	0.01	0.33	99.97	1.29	1.61	0.06767	78.17	False	99.58	Gold
02-SolareLasten Isotrop	Diffusstrahlung S 90	THERAKLES	THERAKLES	1.8	W/m2	TU Dresden, IBK TU Dresden	0	36.6	2.96	0.59	0.04	1.17	4.54	249.18	0.0	0.1	0.43	99.96	1.08	1.57	0.06259	54.03	False	99.48	Gold
02-SolareLasten Isotrop	Diffusstrahlung S 30	THERAKLES	THERAKLES	1.8	W/m2	TU Dresden, IBK TU Dresden	0	50.55	2.55	0.04	0.0	1.66	8.12	389.32	0.0	0.01	0.33	99.97	1.29	1.61	0.06767	78.17	False	99.58	Gold
02-SolareLasten Isotrop	Diffusstrahlung S-W 90	THERAKLES	THERAKLES	1.8	W/m2	TU Dresden, IBK TU Dresden	0	36.6	2.96	0.59	0.04	1.17	4.54	249.18	0.0	0.1	0.43	99.96	1.08	1.57	0.06259	54.03	False	99.48	Gold
02-SolareLasten Isotrop	Diffusstrahlung S-W 30	THERAKLES	THERAKLES	1.8	W/m2	TU Dresden, IBK TU Dresden	0	50.55	2.55	0.04	0.0	1.66	8.12	389.32	0.0	0.01	0.33	99.97	1.29	1.61	0.06767	78.17	False	99.58	Gold
02-SolareLasten Isotrop	Diffusstrahlung W 90	THERAKLES	THERAKLES	1.8	W/m2	TU Dresden, IBK TU Dresden	0	36.6	2.96	0.59	0.04	1.17	4.54	249.18	0.0	0.1	0.43	99.96	1.08	1.57	0.06259	54.03	False	99.48	Gold
02-SolareLasten Isotrop	Diffusstrahlung W 30	THERAKLES	THERAKLES	1.8	W/m2	TU Dresden, IBK TU Dresden	0	50.55	2.55	0.04	0.0	1.66	8.12	389.32	0.0	0.01	0.33	99.97	1.29	1.61	0.06767	78.17	False	99.58	Gold
02-SolareLasten Isotrop	Diffusstrahlung N-W 90	THERAKLES	THERAKLES	1.8	W/m2	TU Dresden, IBK TU Dresden	0	36.6	2.96	0.59	0.04	1.17	4.54	249.18	0.0	0.1	0.43	99.96	1.08	1.57	0.06259	54.03	False	99.48	Gold
02-SolareLasten Isotrop	Diffusstrahlung N-W 30	THERAKLES	THERAKLES	1.8	W/m2	TU Dresden, IBK TU Dresden	0	50.55	2.55	0.04	0.0	1.66	8.12	389.32	0.0	0.01	0.33	99.97	1.29	1.61	0.06767	78.17	False	99.58	Gold
02-SolareLasten Isotrop	Sun azimuth angle	TRNSYS	TRNSYS	18	Deg	Julian Agudelo, Hochschule München	0	132.1	62.75	51.06	-47.88	12755.63	269.88	302.96	57.08	-26.6	31.39	-27.34	112.94	64.99	0.83896	59.86	False	68.88	Failed
02-SolareLasten Isotrop	Sun elevation angle	TRNSYS	TRNSYS	18	Deg	Julian Agudelo, Hochschule München	0	10.4	-547.0	58.76	14.6	528.57	61.0	57.02	0.0	-347.43	19.51	36.45	22.99	49.32	-99	14.92	False	79.63	Failed
02-SolareLasten Isotrop	Direktstrahlung - 0	TRNSYS	TRNSYS	18	W/m2	Julian Agudelo, Hochschule München	0	51.44	21.46	20.28	1.54	114.67	102.74	545.48	0.0	3.08	2.06	99.09	10.71	61.37	0.33762	117.23	False	95.47	Gold
02-SolareLasten Isotrop	Direktstrahlung N 90	TRNSYS	TRNSYS	18	W/m2	Julian Agudelo, Hochschule München	0	27.98	82.55	17.91	-1.2	580.07	265.44	546.66	0.0	-4.11	5.19	91.51	24.08	293.87	0.67693	88.45	False	94.81	Silver
02-SolareLasten Isotrop	Direktstrahlung N 30	TRNSYS	TRNSYS	18	W/m2	Julian Agudelo, Hochschule München	0	44.19	34.5	16.1	2.71	204.84	132.73	339.38	0.0	6.53	4.82	95.21	14.31	20.26	0.48225	70.72	False	94.5	Silver
02-SolareLasten Isotrop	Direktstrahlung N-E 90	TRNSYS	TRNSYS	18	W/m2	Julian Agudelo, Hochschule München	0	21.49	83.53	36.63	0.47	308.13	205.29	541.86	0.0	2.24	4.47	91.85	17.55	1418.37	0.42022	69.26	False	94.68	Silver
02-SolareLasten Isotrop	Direktstrahlung N-E 30	TRNSYS	TRNSYS	18	W/m2	Julian Agudelo, Hochschule München	0	21.58	49.18	41.21	1.05	101.92	149.92	455.15	0.0	5.13	3.07	97.15	10.1	1364.63	0.33698	64.57	False	94.76	Silver
02-SolareLasten Isotrop	Direktstrahlung E 90	TRNSYS	TRNSYS	18	W/m2	Julian Agudelo, Hochschule München	0	25.67	56.36	36.13	0.09	207.82	229.48	660.11	0.0	0.36	2.82	97.28	14.42	13982.57	0.35402	91.96	False	95.01	Gold
02-SolareLasten Isotrop	Direktstrahlung E 30	TRNSYS	TRNSYS	18	W/m2	Julian Agudelo, Hochschule München	0	41.81	32.73	33.99	1.12	177.43	162.02	571.37	0.0	2.76	2.48	98.53	13.32	289.7	0.36596	114.96	False	95.13	Gold
02-SolareLasten Isotrop	Direktstrahlung S-E 90	TRNSYS	TRNSYS	18	W/m2	Julian Agudelo, Hochschule München	0	48.97	28.39	30.82	-0.23	195.01	192.46	679.99	0.0	-0.46	2.14	98.96	13.96	667.62	0.38034	139.17	False	95.1	Gold
02-SolareLasten Isotrop	Direktstrahlung S-E 30	TRNSYS	TRNSYS	18	W/m2	Julian Agudelo, Hochschule München	0	62.23	23.86	28.51	1.0	213.51	185.21	684.94	0.0	1.63	2.17	99.11	14.61	142.42	0.37974	159.56	False	95.02	Gold
02-SolareLasten Isotrop	Direktstrahlung S 90	TRNSYS	TRNSYS	18	W/m2	Julian Agudelo, Hochschule München	0	63.1	22.54	23.19	-0.69	206.78	223.95	759.33	0.0	-1.09	2.0	99.24	14.38	228.59	0.37976	166.18	False	94.95	Silver
02-SolareLasten Isotrop	Direktstrahlung S 30	TRNSYS	TRNSYS	18	W/m2	Julian Agudelo, Hochschule München	0	74.5	20.45	21.51	0.96	226.25	193.66	818.24	0.0	1.3	1.9	99.27	15.04	84.35	0.3786	180.69	False	95.39	Gold
02-SolareLasten Isotrop	Direktstrahlung S-W 90	TRNSYS	TRNSYS	18	W/m2	Julian Agudelo, Hochschule München	0	66.11	28.99	14.65	-0.68	374.94	264.72	776.61	0.0	-1.02	2.82	98.57	19.36	766.05	0.4637	164.97	False	96.21	Gold
02-SolareLasten Isotrop	Direktstrahlung S-W 30	TRNSYS	TRNSYS	18	W/m2	Julian Agudelo, Hochschule München	0	74.42	22.45	13.09	0.86	272.85	214.04	757.83	0.0	1.17	2.23	99.05	16.52	119.46	0.43537	174.39	False	95.66	Gold
02-SolareLasten Isotrop	Direktstrahlung W 90	TRNSYS	TRNSYS	18	W/m2	Julian Agudelo, Hochschule München	0	49.49	53.71	23.01	-0.69	726.24	416.72	1044.31	0.0	-1.37	2.89	96.76	26.95	810.59	0.45229	156.06	False	96.23	Gold
02-SolareLasten Isotrop	Direktstrahlung W 30	TRNSYS	TRNSYS	18	W/m2	Julian Agudelo, Hochschule München	0	59.45	30.8	16.12	0.85	325.8	208.37	628.16	0.0	1.44	3.17	98.35	18.05	438.15	0.43992	146.12	False	95.78	Gold
02-SolareLasten Isotrop	Direktstrahlung N-W 90	TRNSYS	TRNSYS	18	W/m2	Julian Agudelo, Hochschule München	0	25.15	92.7	25.59	-0.46	563.65	482.36	1114.88	0.0	-1.8	2.41	95.22	23.74	-99	0.40051	114.68	False	96.26	Gold
02-SolareLasten Isotrop	Direktstrahlung N-W 30	TRNSYS	TRNSYS	18	W/m2	Julian Agudelo, Hochschule München	0	35.32	43.85	25.27	0.83	228.76	241.19	639.46	0.0	2.4	2.71	97.45	15.12	754.61	0.38561	99.76	False	96.32	Gold
02-SolareLasten Isotrop	Diffusstrahlung - 0	TRNSYS	TRNSYS	18	W/m2	Julian Agudelo, Hochschule München	0	52.58	11.59	14.93	-0.13	37.3	41.22	451.4	0.0	-0.24	1.49	99.45	6.11	7.53	0.42777	84.22	False	97.85	Gold
02-SolareLasten Isotrop	Diffusstrahlung N 90	TRNSYS	TRNSYS	18	W/m2	Julian Agudelo, Hochschule München	0	36.69	10.13	13.2	0.13	13.72	25.23	273.96	0.0	0.36	1.49	99.53	3.7	5.37	0.34335	55.29	False	97.78	Gold
02-SolareLasten Isotrop	Diffusstrahlung N 30	TRNSYS	TRNSYS	18	W/m2	Julian Agudelo, Hochschule München	0	50.45	11.39	14.77	-0.09	33.12	39.08	427.63	0.0	-0.19	1.48	99.46	5.75	7.21	0.41803	80.2	False	97.86	Gold
02-SolareLasten Isotrop	Diffusstrahlung N-E 90	TRNSYS	TRNSYS	18	W/m2	Julian Agudelo, Hochschule München	0	36.69	10.13	13.2	0.13	13.72	25.23	273.96	0.0	0.36	1.49	99.53	3.7	5.37	0.34335	55.29	False	97.78	Gold
02-SolareLasten Isotrop	Diffusstrahlung N-E 30	TRNSYS	TRNSYS	18	W/m2	Julian Agudelo, Hochschule München	0	50.45	11.39	14.77	-0.09	33.12	39.08	427.63	0.0	-0.19	1.48	99.46	5.75	7.21	0.41803	80.2	False	97.86	Gold
02-SolareLasten Isotrop	Diffusstrahlung E 90	TRNSYS	TRNSYS	18	W/m2	Julian Agudelo, Hochschule München	0	36.69	10.13	13.2	0.13	13.72	25.23	273.96	0.0	0.36	1.49	99.53	3.7	5.37	0.34335	55.29	False	97.78	Gold
02-SolareLasten Isotrop	Diffusstrahlung E 30	TRNSYS	TRNSYS	18	W/m2	Julian Agudelo, Hochschule München	0	50.45	11.39	14.77	-0.09	33.12	39.08	427.63	0.0	-0.19	1.48	99.46	5.75	7.21	0.41803	80.2	False	97.86	Gold
02-SolareLasten Isotrop	Diffusstrahlung S-E 90	TRNSYS	TRNSYS	18	W/m2	Julian Agudelo, Hochschule München	0	36.69	10.13	13.2	0.13	13.72	25.23	273.96	0.0	0.36	1.49	99.53	3.7	5.37	0.34335	55.29	False	97.78	Gold
02-SolareLasten Isotrop	Diffusstrahlung S-E 30	TRNSYS	TRNSYS	18	W/m2	Julian Agudelo, Hochschule München	0	50.45	11.39	14.77	-0.09	33.12	39.08	427.63	0.0	-0.19	1.48	99.46	5.75	7.21	0.41803	80.2	False	97.86	Gold
02-SolareLasten Isotrop	Diffusstrahlung S 90	TRNSYS	TRNSYS	18	W/m2	Julian Agudelo, Hochschule München	0	36.69	10.13	13.2	0.13	13.72	25.23	273.96	0.0	0.36	1.49	99.53	3.7	5.37	0.34335	55.29	False	97.78	Gold
02-SolareLasten Isotrop	Diffusstrahlung S 30	TRNSYS	TRNSYS	18	W/m2	Julian Agudelo, Hochschule München	0	50.45	11.39	14.77	-0.09	33.12	39.08	427.63	0.0	-0.19	1.48	99.46	5.75	7.21	0.41803	80.2	False	97.86	Gold
02-SolareLasten Isotrop	Diffusstrahlung S-W 90	TRNSYS	TRNSYS	18	W/m2	Julian Agudelo, Hochschule München	0	36.69	10.13	13.2	0.13	13.72	25.23	273.96	0.0	0.36	1.49	99.53	3.7	5.37	0.34335	55.29	False	97.78	Gold
02-SolareLasten Isotrop	Diffusstrahlung S-W 30	TRNSYS	TRNSYS	18	W/m2	Julian Agudelo, Hochschule München	0	50.45	11.39	14.77	-0.09	33.12	39.08	427.63	0.0	-0.19	1.48	99.46	5.75	7.21	0.41803	80.2	False	97.86	Gold
02-SolareLasten Isotrop	Diffusstrahlung W 90	TRNSYS	TRNSYS	18	W/m2	Julian Agudelo, Hochschule München	0	36.69	10.13	13.2	0.13	13.72	25.23	273.96	0.0	0.36	1.49	99.53	3.7	5.37	0.34335	55.29	False	97.78	Gold
02-SolareLasten Isotrop	Diffusstrahlung W 30	TRNSYS	TRNSYS	18	W/m2	Julian Agudelo, Hochschule München	0	50.45	11.39	14.77	-0.09	33.12	39.08	427.63	0.0	-0.19	1.48	99.46	5.75	7.21	0.41803	80.2	False	97.86	Gold
02-SolareLasten Isotrop	Diffusstrahlung N-W 90	TRNSYS	TRNSYS	18	W/m2	Julian Agudelo, Hochschule München	0	36.69	10.13	13.2	0.13	13.72	25.23	273.96	0.0	0.36	1.49	99.53	3.7	5.37	0.34335	55.29	False	97.78	Gold
02-SolareLasten Isotrop	Diffusstrahlung N-W 30	TRNSYS	TRNSYS	18	W/m2	Julian Agudelo, Hochschule München	0	50.45	11.39	14.77	-0.09	33.12	39.08	427.63	0.0	-0.19	1.48	99.46	5.75	7.21	0.41803	80.2	False	97.86	Gold
03-Waermeleitung	Variante 1	Aixlib	AixLib	0.7.3	C	Amin Nouri, RWTH Aachen	0	27.19	1.08	3.96	0.05	0.09	0.89	29.7	20.01	0.18	3.0	98.99	0.29	7.89	0.01254	2.66	False	64.4	Failed
03-Waermeleitung	Variante 2	Aixlib	AixLib	0.7.3	C	Amin Nouri, RWTH Aachen	0	29.12	0.64	0.0	0.0	0.03	0.95	30.0	20.0	0.01	1.85	99.38	0.19	172.38	0.00781	2.25	False	62.0	Failed
03-Waermeleitung	Variante 3	Aixlib	AixLib	0.7.3	C	Amin Nouri, RWTH Aachen	0	26.43	0.89	8.13	0.07	0.05	0.57	29.55	20.0	0.26	2.43	99.47	0.23	4.65	0.00998	3.03	False	77.2	Failed
03-Waermeleitung	Variante 4	Aixlib	AixLib	0.7.3	C	Amin Nouri, RWTH Aachen	0	21.16	0.25	8.52	0.04	0.0	0.09	22.25	20.0	0.2	2.31	99.43	0.05	4.35	0.00241	0.67	False	96.4	Gold
03-Waermeleitung	Variante 1	ETU	ETU Simulation	4.1	C	Dr. Rainer Rolffs, ETU Hottgenroth	0	27.78	2.82	23.74	0.64	0.59	1.38	29.9	20.07	2.36	7.82	93.11	0.77	20.56	0.02958	2.62	False	44.8	Failed
03-Waermeleitung	Variante 2	ETU	ETU Simulation	4.1	C	Dr. Rainer Rolffs, ETU Hottgenroth	0	29.14	1.04	9.69	0.02	0.09	1.45	30.0	20.68	0.06	3.02	98.36	0.3	281.35	0.01291	2.13	False	42.0	Failed
03-Waermeleitung	Variante 3	ETU	ETU Simulation	4.1	C	Dr. Rainer Rolffs, ETU Hottgenroth	0	27.41	5.01	47.85	1.05	1.75	2.54	29.79	20.06	3.98	13.69	83.2	1.32	26.2	0.05265	2.66	False	-1.6	Failed
03-Waermeleitung	Variante 4	ETU	ETU Simulation	4.1	C	Dr. Rainer Rolffs, ETU Hottgenroth	0	21.22	0.51	10.78	0.11	0.01	0.13	22.35	20.0	0.51	4.81	97.54	0.11	9.05	0.00492	0.69	False	94.8	Silver
03-Waermeleitung	Variante 1	IDAICE	IDA ICE	4.8.0.1	C	Caroline Seifert, INNIUS DÖ	0	27.47	1.37	13.53	0.33	0.14	0.58	29.89	20.0	1.21	3.8	98.38	0.37	9.98	0.01339	2.91	False	76.8	Failed
03-Waermeleitung	Variante 2	IDAICE	IDA ICE	4.8.0.1	C	Caroline Seifert, INNIUS DÖ	0	29.07	0.37	0.0	-0.05	0.01	0.37	30.0	20.0	-0.16	1.07	99.79	0.11	99.49	0.004	2.4	False	85.2	Bronze
03-Waermeleitung	Variante 3	IDAICE	IDA ICE	4.8.0.1	C	Caroline Seifert, INNIUS DÖ	0	26.8	1.87	16.46	0.44	0.24	0.74	29.84	20.0	1.67	5.1	97.66	0.49	9.77	0.0178	3.29	False	70.4	Failed
03-Waermeleitung	Variante 4	IDAICE	IDA ICE	4.8.0.1	C	Caroline Seifert, INNIUS DÖ	0	21.12	0.06	1.36	0.01	0.0	0.02	22.28	19.99	0.05	0.59	99.96	0.01	1.11	0.00059	0.7	False	99.2	Gold
03-Waermeleitung	Variante 1	NANDRAD	NANDRAD	1.8	C	Dirk Weiß, IBK TU Dresden	0	27.14	0.0	0.01	0.0	0.0	0.0	29.79	20.0	0.0	0.0	100.0	0.0	0.01	2e-05	2.92	True	100.0	Gold
03-Waermeleitung	Variante 2	NANDRAD	NANDRAD	1.8	C	Dirk Weiß, IBK TU Dresden	0	29.12	0.03	0.0	0.0	0.0	0.04	30.0	20.0	0.0	0.08	100.0	0.01	7.52	0.00035	2.36	True	98.4	Gold
03-Waermeleitung	Variante 3	NANDRAD	NANDRAD	1.8	C	Dirk Weiß, IBK TU Dresden	0	26.36	0.01	0.03	0.0	0.0	0.0	29.65	20.0	0.0	0.01	100.0	0.0	0.03	6e-05	3.22	True	100.0	Gold
03-Waermeleitung	Variante 4	NANDRAD	NANDRAD	1.8	C	Dirk Weiß, IBK TU Dresden	0	21.11	0.0	0.02	0.0	0.0	0.0	22.26	20.0	0.0	0.01	100.0	0.0	0.01	1e-05	0.69	True	100.0	Gold
03-Waermeleitung	Variante 1	NANDRAD2	NANDRAD v.2	2.0	C	Dirk Weiß, IBK TU Dresden	0	27.15	0.05	0.43	0.01	0.0	0.02	29.79	20.0	0.04	0.13	100.0	0.01	0.33	0.00044	2.92	False	99.2	Gold
03-Waermeleitung	Variante 2	NANDRAD2	NANDRAD v.2	2.0	C	Dirk Weiß, IBK TU Dresden	0	29.13	0.09	0.0	0.01	0.0	0.09	30.0	20.0	0.04	0.27	99.99	0.03	25.46	0.00097	2.35	False	96.4	Gold
03-Waermeleitung	Variante 3	NANDRAD2	NANDRAD v.2	2.0	C	Dirk Weiß, IBK TU Dresden	0	26.37	0.05	0.4	0.01	0.0	0.02	29.66	20.0	0.04	0.13	100.0	0.01	0.25	0.00045	3.23	False	99.2	Gold
03-Waermeleitung	Variante 4	NANDRAD2	NANDRAD v.2	2.0	C	Dirk Weiß, IBK TU Dresden	0	21.12	0.01	0.14	0.0	0.0	0.0	22.26	20.0	0.01	0.08	100.0	0.0	0.15	8e-05	0.69	False	100.0	Gold
03-Waermeleitung	Variante 1	TAS	TAS	9.5.0	C	Rainer Strobel, PGMM	0	27.13	0.08	0.7	-0.02	0.0	0.04	29.78	20.0	-0.06	0.21	99.99	0.02	0.56	0.00079	2.91	False	98.4	Gold
03-Waermeleitung	Variante 2	TAS	TAS	9.5.0	C	Rainer Strobel, PGMM	0	28.96	1.12	0.14	-0.16	0.11	1.01	29.99	20.0	-0.54	3.27	98.08	0.33	304.49	0.0115	2.41	False	59.6	Failed
03-Waermeleitung	Variante 3	TAS	TAS	9.5.0	C	Rainer Strobel, PGMM	0	26.29	0.29	2.96	-0.06	0.01	0.13	29.63	19.99	-0.24	0.79	99.94	0.08	1.51	0.00284	3.22	False	94.8	Silver
03-Waermeleitung	Variante 4	TAS	TAS	9.5.0	C	Rainer Strobel, PGMM	0	21.27	0.74	15.48	0.15	0.02	0.18	22.39	20.0	0.73	6.93	94.9	0.16	13.04	0.00709	0.68	False	92.8	Silver
03-Waermeleitung	Variante 1	THERAKLES	THERAKLES	1.8	C	TU Dresden, IBK TU Dresden	0	27.14	0.01	0.22	0.0	0.0	0.01	29.79	20.0	0.0	0.03	100.0	0.0	0.08	0.00012	2.92	False	99.6	Gold
03-Waermeleitung	Variante 2	THERAKLES	THERAKLES	1.8	C	TU Dresden, IBK TU Dresden	0	29.12	0.05	0.0	0.0	0.0	0.07	30.0	20.0	0.0	0.14	100.0	0.01	12.86	0.00059	2.36	False	97.2	Gold
03-Waermeleitung	Variante 3	THERAKLES	THERAKLES	1.8	C	TU Dresden, IBK TU Dresden	0	26.36	0.01	0.15	-0.0	0.0	0.01	29.65	20.0	-0.0	0.04	100.0	0.0	0.07	0.00015	3.23	False	99.6	Gold
03-Waermeleitung	Variante 4	THERAKLES	THERAKLES	1.8	C	TU Dresden, IBK TU Dresden	0	21.11	0.01	0.62	0.0	0.0	0.01	22.26	20.0	0.0	0.12	100.0	0.0	0.23	0.00013	0.69	False	99.6	Gold
03-Waermeleitung	Variante 1	TRNSYS	TRNSYS	18	C	Julian Agudelo, Hochschule München	0	27.14	0.0	0.01	-0.0	0.0	0.0	29.79	20.0	-0.0	0.0	100.0	0.0	0.01	2e-05	2.92	True	100.0	Gold
03-Waermeleitung	Variante 2	TRNSYS	TRNSYS	18	C	Julian Agudelo, Hochschule München	0	29.12	0.03	0.0	-0.0	0.0	0.04	30.0	20.0	-0.0	0.08	100.0	0.01	7.52	0.00035	2.35	True	98.4	Gold
03-Waermeleitung	Variante 3	TRNSYS	TRNSYS	18	C	Julian Agudelo, Hochschule München	0	26.36	0.01	0.03	-0.0	0.0	0.0	29.65	20.0	-0.0	0.01	100.0	0.0	0.03	6e-05	3.22	True	100.0	Gold
03-Waermeleitung	Variante 4	TRNSYS	TRNSYS	18	C	Julian Agudelo, Hochschule München	0	21.11	0.0	0.02	-0.0	0.0	0.0	22.26	20.0	-0.0	0.01	100.0	0.0	0.01	1e-05	0.69	True	100.0	Gold
04-WaermeleitungSpeicherung	Variante 1 Raum A	Aixlib	AixLib	0.7.3	C	Amin Nouri, RWTH Aachen	0	29.22	0.06	5.25	-0.01	0.0	0.27	30.0	20.0	-0.02	0.17	99.99	0.02	3.48	0.00066	1.72	False	97.88	Gold
04-WaermeleitungSpeicherung	Variante 2 Raum A	Aixlib	AixLib	0.7.3	C	Amin Nouri, RWTH Aachen	0	24.17	1.96	22.26	0.01	0.23	0.74	25.5	22.93	0.03	23.16	54.37	0.47	31.9	0.0188	0.76	False	74.14	Failed
04-WaermeleitungSpeicherung	Variante 3 Raum A	Aixlib	AixLib	0.7.3	C	Amin Nouri, RWTH Aachen	0	23.75	0.84	4.79	-0.13	0.04	0.45	24.43	22.2	-0.54	10.46	75.59	0.2	43.04	0.00818	0.49	False	73.89	Failed
04-WaermeleitungSpeicherung	Variante 3 Raum B	Aixlib	AixLib	0.7.3	C	Amin Nouri, RWTH Aachen	0	23.54	0.85	20.22	-0.17	0.04	0.37	24.19	21.55	-0.72	8.36	87.8	0.2	34.35	0.00841	0.67	False	78.74	Failed
04-WaermeleitungSpeicherung	Variante 4 Raum A	Aixlib	AixLib	0.7.3	C	Amin Nouri, RWTH Aachen	0	19.14	1.06	15.89	-0.13	0.04	0.42	20.32	18.06	-0.65	7.98	94.16	0.2	12.87	0.0099	0.75	False	90.48	Silver
04-WaermeleitungSpeicherung	Variante 4 Raum B	Aixlib	AixLib	0.7.3	C	Amin Nouri, RWTH Aachen	0	19.09	1.02	26.64	-0.18	0.04	0.3	19.42	18.7	-0.93	20.64	55.03	0.2	33.59	0.00962	0.22	False	73.34	Failed
04-WaermeleitungSpeicherung	Variante 1 Raum A	ETU	ETU Simulation	4.1	C	Dr. Rainer Rolffs, ETU Hottgenroth	0	29.23	0.06	17.61	-0.0	0.0	0.52	30.0	20.0	-0.0	0.16	99.99	0.02	3.32	0.00075	1.71	False	97.14	Gold
04-WaermeleitungSpeicherung	Variante 2 Raum A	ETU	ETU Simulation	4.1	C	Dr. Rainer Rolffs, ETU Hottgenroth	0	24.17	1.74	23.4	-0.0	0.18	0.6	25.46	22.93	-0.01	20.56	64.05	0.42	28.32	0.0167	0.81	False	77.26	Failed
04-WaermeleitungSpeicherung	Variante 3 Raum A	ETU	ETU Simulation	4.1	C	Dr. Rainer Rolffs, ETU Hottgenroth	0	23.88	1.78	115.31	0.0	0.18	0.68	24.78	22.22	0.0	22.23	-10.19	0.43	91.44	0.01711	0.52	False	31.87	Failed
04-WaermeleitungSpeicherung	Variante 3 Raum B	ETU	ETU Simulation	4.1	C	Dr. Rainer Rolffs, ETU Hottgenroth	0	23.72	0.16	28.33	0.01	0.0	0.11	24.22	21.89	0.02	1.6	99.55	0.04	6.56	0.00158	0.57	False	94.52	Silver
04-WaermeleitungSpeicherung	Variante 4 Raum A	ETU	ETU Simulation	4.1	C	Dr. Rainer Rolffs, ETU Hottgenroth	0	19.23	2.17	49.07	-0.03	0.18	1.05	20.87	17.75	-0.16	16.35	75.47	0.42	26.36	0.02065	0.93	False	78.34	Failed
04-WaermeleitungSpeicherung	Variante 4 Raum B	ETU	ETU Simulation	4.1	C	Dr. Rainer Rolffs, ETU Hottgenroth	0	19.26	0.37	25.13	-0.01	0.0	0.13	19.7	18.71	-0.05	7.42	94.18	0.07	12.08	0.00348	0.31	False	90.46	Silver
04-WaermeleitungSpeicherung	Variante 1 Raum A	IDAICE	IDA ICE	4.8.0.1	C	Caroline Seifert, INNIUS DÖ	0	29.23	0.12	7.5	-0.0	0.0	0.1	29.99	20.0	-0.01	0.36	99.96	0.04	7.31	0.00126	1.73	False	95.78	Gold
04-WaermeleitungSpeicherung	Variante 2 Raum A	IDAICE	IDA ICE	4.8.0.1	C	Caroline Seifert, INNIUS DÖ	0	24.2	0.78	19.94	0.03	0.04	0.38	25.39	23.02	0.14	9.22	92.77	0.19	12.7	0.00751	0.68	False	90.04	Silver
04-WaermeleitungSpeicherung	Variante 3 Raum A	IDAICE	IDA ICE	4.8.0.1	C	Caroline Seifert, INNIUS DÖ	0	23.94	0.28	22.14	0.05	0.0	0.12	24.54	22.52	0.21	3.49	97.28	0.07	14.37	0.00267	0.42	False	90.45	Silver
04-WaermeleitungSpeicherung	Variante 3 Raum B	IDAICE	IDA ICE	4.8.0.1	C	Caroline Seifert, INNIUS DÖ	0	23.76	0.22	0.5	0.05	0.0	0.06	24.25	21.83	0.22	2.13	99.21	0.05	8.76	0.00209	0.58	False	95.12	Gold
04-WaermeleitungSpeicherung	Variante 4 Raum A	IDAICE	IDA ICE	4.8.0.1	C	Caroline Seifert, INNIUS DÖ	0	19.28	0.44	15.2	0.01	0.01	0.18	20.7	17.93	0.07	3.32	98.99	0.08	5.35	0.00413	0.89	False	95.65	Gold
04-WaermeleitungSpeicherung	Variante 4 Raum B	IDAICE	IDA ICE	4.8.0.1	C	Caroline Seifert, INNIUS DÖ	0	19.29	0.12	4.0	0.02	0.0	0.04	19.73	18.75	0.11	2.53	99.33	0.02	4.11	0.00117	0.3	False	97.17	Gold
04-WaermeleitungSpeicherung	Variante 1 Raum A	NANDRAD	NANDRAD	1.8	C	Dirk Weiß, IBK TU Dresden	0	29.24	0.04	1.71	0.01	0.0	0.03	30.0	20.0	0.02	0.11	100.0	0.01	2.26	0.0004	1.71	True	98.73	Gold
04-WaermeleitungSpeicherung	Variante 2 Raum A	NANDRAD	NANDRAD	1.8	C	Dirk Weiß, IBK TU Dresden	0	24.17	0.01	0.3	-0.0	0.0	0.0	25.19	23.13	-0.0	0.14	100.0	0.0	0.19	0.00011	0.71	True	99.86	Gold
04-WaermeleitungSpeicherung	Variante 3 Raum A	NANDRAD	NANDRAD	1.8	C	Dirk Weiß, IBK TU Dresden	0	23.88	0.01	0.7	0.0	0.0	0.0	24.43	22.51	0.0	0.07	100.0	0.0	0.28	5e-05	0.41	True	99.8	Gold
04-WaermeleitungSpeicherung	Variante 3 Raum B	NANDRAD	NANDRAD	1.8	C	Dirk Weiß, IBK TU Dresden	0	23.71	0.0	0.21	0.0	0.0	0.0	24.2	21.78	0.0	0.03	100.0	0.0	0.1	3e-05	0.58	True	99.93	Gold
04-WaermeleitungSpeicherung	Variante 4 Raum A	NANDRAD	NANDRAD	1.8	C	Dirk Weiß, IBK TU Dresden	0	19.26	0.01	0.36	0.0	0.0	0.0	20.54	17.98	0.0	0.05	100.0	0.0	0.08	6e-05	0.85	True	99.93	Gold
04-WaermeleitungSpeicherung	Variante 4 Raum B	NANDRAD	NANDRAD	1.8	C	Dirk Weiß, IBK TU Dresden	0	19.27	0.0	0.12	0.0	0.0	0.0	19.7	18.75	0.0	0.05	100.0	0.0	0.09	2e-05	0.29	True	99.94	Gold
04-WaermeleitungSpeicherung	Variante 1 Raum A	TAS	TAS	9.5.0	C	Rainer Strobel, PGMM	0	29.22	0.05	5.81	-0.01	0.0	0.12	29.99	20.0	-0.03	0.15	99.99	0.01	2.99	0.00058	1.72	False	98.09	Gold
04-WaermeleitungSpeicherung	Variante 2 Raum A	TAS	TAS	9.5.0	C	Rainer Strobel, PGMM	0	24.16	0.11	3.89	-0.01	0.0	0.05	25.15	23.18	-0.02	1.28	99.86	0.03	1.76	0.00104	0.68	False	98.63	Gold
04-WaermeleitungSpeicherung	Variante 3 Raum A	TAS	TAS	9.5.0	C	Rainer Strobel, PGMM	0	23.88	0.06	6.2	-0.0	0.0	0.03	24.41	22.54	-0.01	0.75	99.88	0.01	3.07	0.00058	0.4	False	97.91	Gold
04-WaermeleitungSpeicherung	Variante 3 Raum B	TAS	TAS	9.5.0	C	Rainer Strobel, PGMM	0	23.71	0.02	4.13	0.0	0.0	0.02	24.2	21.79	0.0	0.22	99.99	0.01	0.9	0.00022	0.58	False	99.24	Gold
04-WaermeleitungSpeicherung	Variante 4 Raum A	TAS	TAS	9.5.0	C	Rainer Strobel, PGMM	0	19.26	0.06	2.6	-0.0	0.0	0.03	20.54	17.98	-0.01	0.47	99.98	0.01	0.75	0.0006	0.85	False	99.37	Gold
04-WaermeleitungSpeicherung	Variante 4 Raum B	TAS	TAS	9.5.0	C	Rainer Strobel, PGMM	0	19.27	0.02	1.65	-0.0	0.0	0.01	19.7	18.74	-0.0	0.4	99.98	0.0	0.65	0.00019	0.29	False	99.5	Gold
04-WaermeleitungSpeicherung	Variante 1 Raum A	THERAKLES	THERAKLES	1.8	C	TU Dresden, IBK TU Dresden	0	29.22	0.04	1.78	-0.01	0.0	0.03	30.0	20.0	-0.02	0.11	100.0	0.01	2.28	0.0004	1.72	False	98.72	Gold
04-WaermeleitungSpeicherung	Variante 2 Raum A	THERAKLES	THERAKLES	1.8	C	TU Dresden, IBK TU Dresden	0	24.17	0.02	0.13	0.0	0.0	0.01	25.19	23.14	0.0	0.26	99.99	0.01	0.36	0.00021	0.7	False	99.77	Gold
04-WaermeleitungSpeicherung	Variante 1 Raum A	TRNSYS	TRNSYS	18	C	Julian Agudelo, Hochschule München	0	29.22	0.04	1.71	-0.01	0.0	0.03	30.0	20.0	-0.02	0.11	100.0	0.01	2.26	0.0004	1.72	True	98.73	Gold
04-WaermeleitungSpeicherung	Variante 2 Raum A	TRNSYS	TRNSYS	18	C	Julian Agudelo, Hochschule München	0	24.17	0.01	0.3	0.0	0.0	0.0	25.18	23.14	0.0	0.14	100.0	0.0	0.19	0.00011	0.7	True	99.86	Gold
04-WaermeleitungSpeicherung	Variante 3 Raum A	TRNSYS	TRNSYS	18	C	Julian Agudelo, Hochschule München	0	23.88	0.01	0.7	-0.0	0.0	0.0	24.43	22.51	-0.0	0.07	100.0	0.0	0.28	5e-05	0.41	True	99.8	Gold
04-WaermeleitungSpeicherung	Variante 3 Raum B	TRNSYS	TRNSYS	18	C	Julian Agudelo, Hochschule München	0	23.71	0.0	0.21	-0.0	0.0	0.0	24.2	21.78	-0.0	0.03	100.0	0.0	0.1	3e-05	0.58	True	99.93	Gold
04-WaermeleitungSpeicherung	Variante 4 Raum A	TRNSYS	TRNSYS	18	C	Julian Agudelo, Hochschule München	0	19.26	0.01	0.36	-0.0	0.0	0.0	20.54	17.98	-0.0	0.05	100.0	0.0	0.08	6e-05	0.84	True	99.93	Gold
04-WaermeleitungSpeicherung	Variante 4 Raum B	TRNSYS	TRNSYS	18	C	Julian Agudelo, Hochschule München	0	19.27	0.0	0.12	-0.0	0.0	0.0	19.69	18.75	-0.0	0.05	100.0	0.0	0.09	2e-05	0.29	True	99.94	Gold
05-Lueftung	Variante 1 Raumlufttemperatur	Aixlib	AixLib	0.7.3	C	Amin Nouri, RWTH Aachen	0	14.2	0.06	14.88	-0.01	0.0	0.02	14.42	13.84	-0.04	1.53	99.73	0.01	3.39	0.00059	0.17	False	97.02	Gold
05-Lueftung	Variante 2 Raumlufttemperatur	Aixlib	AixLib	0.7.3	C	Amin Nouri, RWTH Aachen	0	19.11	0.53	9.07	0.0	0.01	0.53	20.39	17.96	0.02	4.4	96.78	0.1	12.13	0.00498	0.59	False	92.27	Silver
05-Lueftung	Variante 2 Lueftungswaermestrom	Aixlib	AixLib	0.7.3	W	Amin Nouri, RWTH Aachen	0	0.12	9837.56	9.18	0.01	126.52	52.45	182.16	-148.44	5.65	3.43	97.49	11.25	10.97	-99	71.16	False	92.14	Silver
05-Lueftung	Variante 3 Raumlufttemperatur	Aixlib	AixLib	0.7.3	C	Amin Nouri, RWTH Aachen	0	17.89	1.51	25.66	0.24	0.07	1.0	18.73	16.95	1.39	18.62	11.24	0.27	76.01	0.01408	0.33	False	48.07	Failed
05-Lueftung	Variante 3 Lueftungswaermestrom	Aixlib	AixLib	0.7.3	W	Amin Nouri, RWTH Aachen	0	2.41	466.42	24.61	-0.26	155.58	105.38	141.8	-128.26	-9.84	5.31	90.72	12.47	31.97	-99	44.02	False	78.92	Failed
05-Lueftung	Variante 1 Raumlufttemperatur	ETU	ETU Simulation	4.1	C	Dr. Rainer Rolffs, ETU Hottgenroth	0	14.3	0.68	36.57	0.09	0.01	0.14	14.5	13.93	0.65	16.51	68.95	0.1	36.53	0.00633	0.15	False	73.33	Failed
05-Lueftung	Variante 2 Raumlufttemperatur	ETU	ETU Simulation	4.1	C	Dr. Rainer Rolffs, ETU Hottgenroth	0	19.1	0.25	4.84	-0.0	0.0	0.19	20.32	18.0	-0.0	2.06	99.29	0.05	5.7	0.00234	0.57	False	96.41	Gold
05-Lueftung	Variante 2 Lueftungswaermestrom	ETU	ETU Simulation	4.1	W	Dr. Rainer Rolffs, ETU Hottgenroth	0	0.04	7617.59	6.15	-0.08	75.86	29.85	174.5	-146.5	-67.37	2.66	98.49	8.71	8.5	-99	69.19	False	83.52	Bronze
05-Lueftung	Variante 3 Raumlufttemperatur	ETU	ETU Simulation	4.1	C	Dr. Rainer Rolffs, ETU Hottgenroth	0	17.66	0.3	3.7	0.01	0.0	0.32	18.27	16.79	0.07	3.7	96.49	0.05	15.12	0.00285	0.29	False	91.21	Silver
05-Lueftung	Variante 3 Lueftungswaermestrom	ETU	ETU Simulation	4.1	W	Dr. Rainer Rolffs, ETU Hottgenroth	0	2.5	265.13	9.91	-0.18	50.27	46.95	100.0	-121.0	-6.7	3.02	97.0	7.09	18.17	-99	39.54	False	88.33	Bronze
05-Lueftung	Variante 4 Raumlufttemperatur	ETU	ETU Simulation	4.1	C	Dr. Rainer Rolffs, ETU Hottgenroth	0	22.49	1.33	18.15	-0.28	0.09	0.46	23.82	20.75	-1.25	10.54	80.96	0.3	28.74	0.0129	0.73	False	80.55	Bronze
05-Lueftung	Variante 4 Lueftungswaermestrom	ETU	ETU Simulation	4.1	W	Dr. Rainer Rolffs, ETU Hottgenroth	0	-72.73	-12.97	9.41	6.22	104.8	29.36	30.0	-217.0	-7.88	3.95	97.44	10.24	9.3	-99	60.61	False	92.5	Silver
05-Lueftung	Variante 1 Raumlufttemperatur	IDAICE	IDA ICE	4.8.0.1	C	Caroline Seifert, INNIUS DÖ	0	14.24	0.21	3.22	0.03	0.0	0.03	14.45	13.87	0.21	5.16	96.97	0.03	11.41	0.00197	0.17	False	92.88	Silver
05-Lueftung	Variante 2 Raumlufttemperatur	IDAICE	IDA ICE	4.8.0.1	C	Caroline Seifert, INNIUS DÖ	0	19.11	0.11	2.69	0.01	0.0	0.08	20.32	17.98	0.04	0.9	99.87	0.02	2.47	0.00101	0.57	False	98.42	Gold
05-Lueftung	Variante 2 Lueftungswaermestrom	IDAICE	IDA ICE	4.8.0.1	W	Caroline Seifert, INNIUS DÖ	0	0.04	7010.72	5.62	-0.07	64.25	39.26	183.68	-149.63	-63.52	2.44	98.72	8.02	7.82	-99	71.73	False	84.59	Bronze
05-Lueftung	Variante 3 Raumlufttemperatur	IDAICE	IDA ICE	4.8.0.1	C	Caroline Seifert, INNIUS DÖ	0	17.85	1.29	17.22	0.21	0.05	0.84	18.64	16.93	1.18	15.98	34.57	0.23	65.25	0.01217	0.3	False	56.82	Failed
05-Lueftung	Variante 3 Lueftungswaermestrom	IDAICE	IDA ICE	4.8.0.1	W	Caroline Seifert, INNIUS DÖ	0	1.77	507.76	8.49	-0.9	184.38	85.01	114.51	-129.4	-33.65	5.78	89.0	13.58	34.8	-99	41.39	False	74.36	Failed
05-Lueftung	Variante 1 Raumlufttemperatur	NANDRAD	NANDRAD	1.8	C	Dirk Weiß, IBK TU Dresden	0	14.21	0.01	0.66	0.0	0.0	0.0	14.42	13.84	0.0	0.14	100.0	0.0	0.31	5e-05	0.17	True	99.78	Gold
05-Lueftung	Variante 2 Raumlufttemperatur	NANDRAD	NANDRAD	1.8	C	Dirk Weiß, IBK TU Dresden	0	19.1	0.19	4.41	-0.0	0.0	0.18	20.35	17.98	-0.0	1.6	99.57	0.04	4.41	0.00181	0.57	True	97.19	Gold
05-Lueftung	Variante 2 Lueftungswaermestrom	NANDRAD	NANDRAD	1.8	W	Dirk Weiß, IBK TU Dresden	0	0.11	17.58	0.01	-0.0	0.0	0.09	178.44	-149.49	-0.66	0.01	100.0	0.02	0.02	-99	70.97	True	99.88	Gold
05-Lueftung	Variante 3 Raumlufttemperatur	NANDRAD	NANDRAD	1.8	C	Dirk Weiß, IBK TU Dresden	0	17.64	0.09	3.58	-0.0	0.0	0.05	18.19	16.79	-0.01	1.05	99.72	0.02	4.29	0.00081	0.28	True	97.41	Gold
05-Lueftung	Variante 3 Lueftungswaermestrom	NANDRAD	NANDRAD	1.8	W	Dirk Weiß, IBK TU Dresden	0	2.67	0.46	0.05	-0.0	0.0	0.1	111.62	-123.31	-0.03	0.01	100.0	0.01	0.03	-99	40.94	True	99.98	Gold
05-Lueftung	Variante 4 Raumlufttemperatur	NANDRAD	NANDRAD	1.8	C	Dirk Weiß, IBK TU Dresden	0	22.77	0.13	3.2	-0.0	0.0	0.17	23.97	21.07	-0.01	1.05	99.81	0.03	2.85	0.00127	0.69	True	98.17	Gold
05-Lueftung	Variante 4 Lueftungswaermestrom	NANDRAD	NANDRAD	1.8	W	Dirk Weiß, IBK TU Dresden	0	-78.87	-0.36	0.09	0.08	0.08	3.02	29.74	-229.33	-0.11	0.11	100.0	0.29	0.26	-99	64.07	True	99.83	Gold
05-Lueftung	Variante 1 Raumlufttemperatur	TAS	TAS	9.5.0	C	Rainer Strobel, PGMM	0	14.21	0.03	5.65	-0.0	0.0	0.01	14.42	13.84	-0.02	0.65	99.95	0.0	1.43	0.00025	0.17	False	98.79	Gold
05-Lueftung	Variante 2 Raumlufttemperatur	TAS	TAS	9.5.0	C	Rainer Strobel, PGMM	0	19.11	0.21	5.43	0.0	0.0	0.18	20.37	17.97	0.03	1.74	99.49	0.04	4.82	0.00198	0.57	False	96.88	Gold
05-Lueftung	Variante 2 Lueftungswaermestrom	TAS	TAS	9.5.0	W	Rainer Strobel, PGMM	0	-0.08	9505.31	8.88	-0.19	118.12	52.72	184.89	-151.15	-167.53	3.31	97.65	10.87	10.6	-99	72.45	False	65.4	Failed
05-Lueftung	Variante 3 Raumlufttemperatur	TAS	TAS	9.5.0	C	Rainer Strobel, PGMM	0	17.58	0.39	6.13	-0.07	0.0	0.14	18.09	16.73	-0.38	4.85	93.98	0.07	19.79	0.00372	0.28	False	88.22	Bronze
05-Lueftung	Variante 3 Lueftungswaermestrom	TAS	TAS	9.5.0	W	Rainer Strobel, PGMM	0	2.48	158.46	9.08	-0.2	17.96	15.0	106.49	-123.42	-7.42	1.8	98.93	4.24	10.86	-99	41.25	False	92.32	Silver
05-Lueftung	Variante 1 Raumlufttemperatur	THERAKLES	THERAKLES	1.8	C	TU Dresden, IBK TU Dresden	0	14.21	0.01	0.58	0.0	0.0	0.0	14.42	13.84	0.0	0.14	100.0	0.0	0.3	5e-05	0.17	False	99.79	Gold
05-Lueftung	Variante 2 Raumlufttemperatur	THERAKLES	THERAKLES	1.8	C	TU Dresden, IBK TU Dresden	0	19.1	0.19	4.36	-0.0	0.0	0.18	20.35	17.98	-0.0	1.59	99.58	0.04	4.39	0.00181	0.56	False	97.21	Gold
05-Lueftung	Variante 2 Lueftungswaermestrom	THERAKLES	THERAKLES	1.8	W	TU Dresden, IBK TU Dresden	0	0.02	9436.29	8.15	-0.09	116.41	52.44	183.42	-149.75	-80.64	3.29	97.69	10.79	10.53	-99	71.84	False	79.97	Failed
05-Lueftung	Variante 3 Raumlufttemperatur	THERAKLES	THERAKLES	1.8	C	TU Dresden, IBK TU Dresden	0	17.64	0.09	3.3	-0.0	0.0	0.05	18.19	16.8	-0.01	1.05	99.72	0.02	4.29	0.00081	0.28	False	97.43	Gold
05-Lueftung	Variante 3 Lueftungswaermestrom	THERAKLES	THERAKLES	1.8	W	TU Dresden, IBK TU Dresden	0	3.67	542.72	14.48	0.99	210.65	93.35	129.76	-123.52	37.1	6.18	87.43	14.51	37.2	-99	41.71	False	71.96	Failed
05-Lueftung	Variante 1 Raumlufttemperatur	TRNSYS	TRNSYS	18	C	Julian Agudelo, Hochschule München	0	14.21	0.01	0.66	-0.0	0.0	0.0	14.42	13.84	-0.0	0.14	100.0	0.0	0.31	5e-05	0.17	True	99.78	Gold
05-Lueftung	Variante 2 Raumlufttemperatur	TRNSYS	TRNSYS	18	C	Julian Agudelo, Hochschule München	0	19.11	0.19	3.1	0.0	0.0	0.18	20.31	18.01	0.0	1.6	99.57	0.04	4.41	0.00181	0.56	True	97.28	Gold
05-Lueftung	Variante 2 Lueftungswaermestrom	TRNSYS	TRNSYS	18	W	Julian Agudelo, Hochschule München	0	0.12	17.58	0.01	0.0	0.0	0.09	178.45	-149.48	0.66	0.01	100.0	0.02	0.02	-99	70.96	True	99.88	Gold
05-Lueftung	Variante 3 Raumlufttemperatur	TRNSYS	TRNSYS	18	C	Julian Agudelo, Hochschule München	0	17.65	0.09	3.17	0.0	0.0	0.05	18.26	16.8	0.01	1.05	99.72	0.02	4.29	0.00081	0.28	True	97.44	Gold
05-Lueftung	Variante 3 Lueftungswaermestrom	TRNSYS	TRNSYS	18	W	Julian Agudelo, Hochschule München	0	2.68	0.46	0.05	0.0	0.0	0.1	111.42	-123.31	0.03	0.01	100.0	0.01	0.03	-99	40.94	True	99.98	Gold
05-Lueftung	Variante 4 Raumlufttemperatur	TRNSYS	TRNSYS	18	C	Julian Agudelo, Hochschule München	0	22.77	0.13	1.48	0.0	0.0	0.17	23.97	21.1	0.01	1.05	99.81	0.03	2.85	0.00127	0.69	True	98.28	Gold
05-Lueftung	Variante 4 Lueftungswaermestrom	TRNSYS	TRNSYS	18	W	Julian Agudelo, Hochschule München	0	-79.04	-0.36	0.09	-0.08	0.08	3.02	29.68	-229.29	0.11	0.11	100.0	0.29	0.26	-99	63.91	True	99.83	Gold
06-WaermeleitungStrahlung	Variante 1 Raumlufttemperatur	ETU	ETU Simulation	4.1	C	Dr. Rainer Rolffs, ETU Hottgenroth	0	25.77	4.19	18.19	-0.25	1.19	2.88	34.13	20.0	-0.98	7.74	95.95	1.09	10.28	0.03515	5.22	False	81.19	Bronze
06-WaermeleitungStrahlung	Variante 1 abs. Strahlung Dach	ETU	ETU Simulation	4.1	W/m2	Dr. Rainer Rolffs, ETU Hottgenroth	0	80.94	6.99	0.16	-1.34	33.05	30.63	419.0	0.0	-1.63	1.37	99.83	5.75	4.74	0.3429	139.95	False	97.61	Gold
06-WaermeleitungStrahlung	Variante 1 abs. Strahlung Boden	ETU	ETU Simulation	4.1	W/m2	Dr. Rainer Rolffs, ETU Hottgenroth	0	16.49	2.09	0.39	0.02	0.12	1.79	84.0	0.0	0.12	0.41	99.98	0.34	1.42	0.13777	28.03	False	99.33	Gold
06-WaermeleitungStrahlung	Variante 1 abs. Strahlung Nordwand	ETU	ETU Simulation	4.1	W/m2	Dr. Rainer Rolffs, ETU Hottgenroth	0	15.34	84.87	33.66	-3.3	250.32	120.39	131.0	0.0	-17.7	7.07	85.01	15.82	52.32	0.53646	29.91	False	64.64	Failed
06-WaermeleitungStrahlung	Variante 1 abs. Strahlung Ostwand	ETU	ETU Simulation	4.1	W/m2	Dr. Rainer Rolffs, ETU Hottgenroth	0	44.82	9.14	0.8	-0.45	17.1	28.53	440.0	0.0	-0.99	0.94	99.86	4.13	14.65	0.54323	109.3	False	92.64	Silver
06-WaermeleitungStrahlung	Variante 1 abs. Strahlung Südwand	ETU	ETU Simulation	4.1	W/m2	Dr. Rainer Rolffs, ETU Hottgenroth	0	51.03	3.58	0.31	0.04	3.34	9.85	282.0	0.0	0.08	0.65	99.95	1.83	1.83	0.27749	81.76	False	99.12	Gold
06-WaermeleitungStrahlung	Variante 1 abs. Strahlung Westwand	ETU	ETU Simulation	4.1	W/m2	Dr. Rainer Rolffs, ETU Hottgenroth	0	55.07	50.02	2.13	-6.04	934.36	220.54	447.79	0.0	-9.88	6.69	94.42	30.57	77.7	0.45862	116.56	False	71.3	Failed
06-WaermeleitungStrahlung	Variante 2 konv. Wärmeleitung Innen Westwand	ETU					-11	False	0	Failed
